row_type,show_id,show_name,season_number,episode_number,id,title,name,air_date,runtime,status,genres,vote_average,vote_count,popularity
movie,,,,,83533,Avatar: Fire and Ash,,2025-12-17,192,Post Production,Science Fiction|Adventure|Fantasy,0.0,0,14.8519
movie,,,,,1125257,Freakier Friday,,2025-08-06,111,Released,Comedy|Fantasy|Family,6.9,152,135.0137
movie,,,,,1159559,Scream 7,,2026-02-25,0,Post Production,Horror|Mystery,0.0,0,2.8161
movie,,,,,1078605,Weapons,,2025-08-04,129,Released,Horror|Mystery,7.467,738,233.6251
show,125935,Abbott Elementary,,,125935,,Abbott Elementary,2021-12-07,,Returning Series,Comedy,7.46,223,9.7172
season,125935,Abbott Elementary,1,,125935_S1,,Season 1,2021-12-07,,,,,,
season,125935,Abbott Elementary,2,,125935_S2,,Season 2,2022-09-21,,,,,,
season,125935,Abbott Elementary,3,,125935_S3,,Season 3,2024-02-07,,,,,,
season,125935,Abbott Elementary,4,,125935_S4,,Season 4,2024-10-09,,,,,,
season,125935,Abbott Elementary,5,,125935_S5,,Season 5,2025-10-01,,,,,,
episode,125935,Abbott Elementary,5,1,6388496,,Episode 1,2025-10-01,,,,0.0,0,
episode,125935,Abbott Elementary,5,2,6388538,,Episode 2,2025-10-08,,,,0.0,0,
show,157239,Alien: Earth,,,157239,,Alien: Earth,2025-08-12,,Returning Series,Sci-Fi & Fantasy|Drama,7.713,315,318.0724
season,157239,Alien: Earth,1,,157239_S1,,Season 1,2025-08-12,,,,,,
episode,157239,Alien: Earth,1,1,5324625,,Neverland,2025-08-12,65,,,7.7,55,
episode,157239,Alien: Earth,1,2,6231083,,Mr. October,2025-08-12,56,,,7.9,45,
episode,157239,Alien: Earth,1,3,6231084,,Metamorphosis,2025-08-19,55,,,7.6,28,
episode,157239,Alien: Earth,1,4,6231085,,Observation,2025-08-26,60,,,7.1,20,
episode,157239,Alien: Earth,1,5,6231086,,"In Space, No One...",2025-09-02,66,,,7.455,11,
episode,157239,Alien: Earth,1,6,6231388,,The Fly,2025-09-09,,,,0.0,0,
episode,157239,Alien: Earth,1,7,6231389,,Emergence,2025-09-16,,,,0.0,0,
episode,157239,Alien: Earth,1,8,6231390,,The Real Monsters,2025-09-23,,,,0.0,0,
show,94038,Canada's Drag Race,,,94038,,Canada's Drag Race,2020-07-02,,Returning Series,Reality,6.7,26,3.1555
season,94038,Canada's Drag Race,0,,94038_S0,,Specials,2020-05-14,,,,,,
season,94038,Canada's Drag Race,1,,94038_S1,,Season 1,2020-07-01,,,,,,
season,94038,Canada's Drag Race,2,,94038_S2,,Season 2,2021-10-14,,,,,,
season,94038,Canada's Drag Race,3,,94038_S3,,Season 3,2022-07-14,,,,,,
season,94038,Canada's Drag Race,4,,94038_S4,,Season 4,2023-11-16,,,,,,
season,94038,Canada's Drag Race,5,,94038_S5,,Season 5,2024-11-21,,,,,,
episode,94038,Canada's Drag Race,5,1,5696909,,Go Off Queen,2024-11-21,60,,,7.0,1,
episode,94038,Canada's Drag Race,5,2,5696910,,Greetings Queenlings,2024-11-28,60,,,6.0,1,
episode,94038,Canada's Drag Race,5,3,5696911,,The Slayoffs: Teams Edition,2024-12-05,60,,,8.0,1,
episode,94038,Canada's Drag Race,5,4,5696912,,Fast Fashion,2024-12-12,61,,,7.0,1,
episode,94038,Canada's Drag Race,5,5,5696913,,The One Where They Went ‘90s,2024-12-19,60,,,8.0,1,
episode,94038,Canada's Drag Race,5,6,5696914,,Surviving Snatch Game,2024-12-26,60,,,6.0,1,
episode,94038,Canada's Drag Race,5,7,5696915,,The Devil Wore Custom,2025-01-02,60,,,7.0,1,
episode,94038,Canada's Drag Race,5,8,5696916,,What Just Happened?!,2025-01-09,60,,,6.0,1,
episode,94038,Canada's Drag Race,5,9,5696917,,Grand Finale,2025-01-16,60,,,8.0,1,
show,203734,Canada's Drag Race: Canada vs The World,,,203734,,Canada's Drag Race: Canada vs The World,2022-11-18,,Returning Series,Reality,4.7,10,0.7566
season,203734,Canada's Drag Race: Canada vs The World,0,,203734_S0,,Specials,2022-10-17,,,,,,
season,203734,Canada's Drag Race: Canada vs The World,1,,203734_S1,,Season 1,2022-11-18,,,,,,
season,203734,Canada's Drag Race: Canada vs The World,2,,203734_S2,,Season 2,2024-07-19,,,,,,
episode,203734,Canada's Drag Race: Canada vs The World,2,1,5438254,,Drag Pop,2024-07-19,70,,,7.0,2,
episode,203734,Canada's Drag Race: Canada vs The World,2,2,5473651,,The Hole,2024-07-26,59,,,7.0,2,
episode,203734,Canada's Drag Race: Canada vs The World,2,3,5473652,,Glamorous Drag Queen Ball Challenge,2024-08-02,59,,,6.5,2,
episode,203734,Canada's Drag Race: Canada vs The World,2,4,5473653,,Reading Battles,2024-08-09,59,,,8.0,2,
episode,203734,Canada's Drag Race: Canada vs The World,2,5,5473654,,Snatch Game: The Rusical,2024-08-16,60,,,6.5,2,
episode,203734,Canada's Drag Race: Canada vs The World,2,6,5473656,,Grand Finale,2024-08-23,59,,,8.0,2,
show,1419,Castle,,,1419,,Castle,2009-03-09,,Canceled,Drama|Crime,7.986,1974,48.0963
season,1419,Castle,1,,1419_S1,,Season 1,2009-03-09,,,,,,
season,1419,Castle,2,,1419_S2,,Season 2,2009-09-21,,,,,,
season,1419,Castle,3,,1419_S3,,Season 3,2010-09-20,,,,,,
season,1419,Castle,4,,1419_S4,,Season 4,2011-09-19,,,,,,
season,1419,Castle,5,,1419_S5,,Season 5,2012-09-24,,,,,,
season,1419,Castle,6,,1419_S6,,Season 6,2013-09-23,,,,,,
season,1419,Castle,7,,1419_S7,,Season 7,2014-09-29,,,,,,
season,1419,Castle,8,,1419_S8,,Season 8,2015-09-21,,,,,,
episode,1419,Castle,8,1,1089781,,XY (1),2015-09-21,44,,,7.6,14,
episode,1419,Castle,8,2,1099823,,XX (2),2015-09-28,44,,,6.9,13,
episode,1419,Castle,8,3,1099825,,PhDead,2015-10-05,44,,,6.8,14,
episode,1419,Castle,8,4,1099824,,What Lies Beneath,2015-10-12,44,,,7.2,12,
episode,1419,Castle,8,5,1108117,,The Nose,2015-10-19,44,,,7.7,14,
episode,1419,Castle,8,6,1132274,,Cool Boys,2015-11-09,44,,,7.6,12,
episode,1419,Castle,8,7,1108118,,The Last Seduction,2015-11-16,44,,,7.5,12,
episode,1419,Castle,8,8,1116407,,Mr. & Mrs. Castle,2015-11-23,43,,,6.8,12,
episode,1419,Castle,8,9,1139468,,Tone Death,2016-02-08,44,,,7.2,13,
episode,1419,Castle,8,10,1160193,,Witness for the Prosecution,2016-02-14,44,,,6.7,14,
episode,1419,Castle,8,11,1160194,,Dead Red,2016-02-15,44,,,7.1,14,
episode,1419,Castle,8,12,1165699,,The Blame Game,2016-02-22,44,,,7.3,13,
episode,1419,Castle,8,13,1165700,,And Justice for All,2016-02-29,44,,,7.3,13,
episode,1419,Castle,8,14,1165954,,The G.D.S.,2016-03-07,44,,,6.9,15,
episode,1419,Castle,8,15,1165957,,Fidelis Ad Mortem,2016-03-21,44,,,7.5,13,
episode,1419,Castle,8,16,1165955,,Heartbreaker,2016-04-04,44,,,7.4,13,
episode,1419,Castle,8,17,1165956,,Death Wish,2016-04-11,43,,,7.2,13,
episode,1419,Castle,8,18,1172660,,Backstabber,2016-04-18,44,,,7.4,12,
episode,1419,Castle,8,19,1177125,,Dead Again,2016-04-25,44,,,7.6,14,
episode,1419,Castle,8,20,1189483,,Much Ado About Murder,2016-05-02,44,,,7.1,14,
episode,1419,Castle,8,21,1189484,,Hell to Pay,2016-05-09,44,,,7.5,18,
episode,1419,Castle,8,22,1191118,,Crossfire,2016-05-16,44,,,6.8,12,
show,4057,Criminal Minds,,,4057,,Criminal Minds,2005-09-22,,Returning Series,Crime|Drama|Mystery,8.3,3914,99.4489
season,4057,Criminal Minds,1,,4057_S1,,Season 1,2005-09-22,,,,,,
season,4057,Criminal Minds,2,,4057_S2,,Season 2,2006-09-20,,,,,,
season,4057,Criminal Minds,3,,4057_S3,,Season 3,2007-09-26,,,,,,
season,4057,Criminal Minds,4,,4057_S4,,Season 4,2008-09-24,,,,,,
season,4057,Criminal Minds,5,,4057_S5,,Season 5,2009-09-23,,,,,,
season,4057,Criminal Minds,6,,4057_S6,,Season 6,2010-09-22,,,,,,
season,4057,Criminal Minds,7,,4057_S7,,Season 7,2011-09-21,,,,,,
season,4057,Criminal Minds,8,,4057_S8,,Season 8,2012-09-26,,,,,,
season,4057,Criminal Minds,9,,4057_S9,,Season 9,2013-09-25,,,,,,
season,4057,Criminal Minds,10,,4057_S10,,Season 10,2014-10-01,,,,,,
season,4057,Criminal Minds,11,,4057_S11,,Season 11,2015-09-30,,,,,,
season,4057,Criminal Minds,12,,4057_S12,,Season 12,2016-09-28,,,,,,
season,4057,Criminal Minds,13,,4057_S13,,Season 13,2017-09-27,,,,,,
season,4057,Criminal Minds,14,,4057_S14,,Season 14,2018-10-03,,,,,,
season,4057,Criminal Minds,15,,4057_S15,,Season 15,2020-01-08,,,,,,
season,4057,Criminal Minds,16,,4057_S16,,Season 16: Evolution,2022-11-24,,,,,,
season,4057,Criminal Minds,17,,4057_S17,,Season 17: Evolution Season 2,2024-06-06,,,,,,
season,4057,Criminal Minds,18,,4057_S18,,Season 18: Evolution Season 3,2025-05-08,,,,,,
episode,4057,Criminal Minds,18,1,5671531,,Swimmer's Calculus,2025-05-08,48,,,8.6,5,
episode,4057,Criminal Minds,18,2,6047488,,The Zookeeper,2025-05-15,58,,,8.0,2,
episode,4057,Criminal Minds,18,3,6047489,,Time to Say Goodbye,2025-05-22,58,,,7.0,1,
episode,4057,Criminal Minds,18,4,6047490,,"I'm Fine, It's Fine. Everything Is Fine",2025-05-29,55,,,7.0,1,
episode,4057,Criminal Minds,18,5,5681768,,The Brutal Man,2025-06-05,53,,,7.0,1,
episode,4057,Criminal Minds,18,6,6047498,,Hell Is Empty…,2025-06-12,53,,,7.0,1,
episode,4057,Criminal Minds,18,7,6047499,,…All the Devils are Here,2025-06-19,50,,,7.0,1,
episode,4057,Criminal Minds,18,8,6047500,,Tara,2025-06-26,54,,,6.0,1,
episode,4057,Criminal Minds,18,9,6047501,,CollateRal,2025-07-03,49,,,7.0,1,
episode,4057,Criminal Minds,18,10,6047502,,The Disciple,2025-07-10,55,,,6.0,1,
show,1431,CSI: Crime Scene Investigation,,,1431,,CSI: Crime Scene Investigation,2000-10-06,,Ended,Crime|Drama|Mystery,7.6,1306,66.0029
season,1431,CSI: Crime Scene Investigation,0,,1431_S0,,Specials,2015-09-27,,,,,,
season,1431,CSI: Crime Scene Investigation,1,,1431_S1,,Season 1,2000-10-06,,,,,,
season,1431,CSI: Crime Scene Investigation,2,,1431_S2,,Season 2,2001-09-27,,,,,,
season,1431,CSI: Crime Scene Investigation,3,,1431_S3,,Season 3,2002-09-25,,,,,,
season,1431,CSI: Crime Scene Investigation,4,,1431_S4,,Season 4,2003-09-24,,,,,,
season,1431,CSI: Crime Scene Investigation,5,,1431_S5,,Season 5,2004-09-23,,,,,,
season,1431,CSI: Crime Scene Investigation,6,,1431_S6,,Season 6,2005-09-22,,,,,,
season,1431,CSI: Crime Scene Investigation,7,,1431_S7,,Season 7,2006-09-21,,,,,,
season,1431,CSI: Crime Scene Investigation,8,,1431_S8,,Season 8,2007-09-27,,,,,,
season,1431,CSI: Crime Scene Investigation,9,,1431_S9,,Season 9,2008-10-09,,,,,,
season,1431,CSI: Crime Scene Investigation,10,,1431_S10,,Season 10,2009-09-24,,,,,,
season,1431,CSI: Crime Scene Investigation,11,,1431_S11,,Season 11,2010-09-23,,,,,,
season,1431,CSI: Crime Scene Investigation,12,,1431_S12,,Season 12,2011-09-21,,,,,,
season,1431,CSI: Crime Scene Investigation,13,,1431_S13,,Season 13,2012-09-26,,,,,,
season,1431,CSI: Crime Scene Investigation,14,,1431_S14,,Season 14,2013-09-25,,,,,,
season,1431,CSI: Crime Scene Investigation,15,,1431_S15,,Season 15,2014-09-28,,,,,,
episode,1431,CSI: Crime Scene Investigation,15,1,1000960,,The CSI Effect,2014-09-28,43,,,7.8,9,
episode,1431,CSI: Crime Scene Investigation,15,2,1000961,,Buzz Kill,2014-10-05,43,,,7.6,8,
episode,1431,CSI: Crime Scene Investigation,15,3,1000962,,Bad Blood,2014-10-12,43,,,7.8,8,
episode,1431,CSI: Crime Scene Investigation,15,4,1010514,,The Book of Shadows,2014-10-19,43,,,7.5,8,
episode,1431,CSI: Crime Scene Investigation,15,5,1010515,,Girls Gone Wilder,2014-11-09,42,,,7.9,9,
episode,1431,CSI: Crime Scene Investigation,15,6,1010516,,The Twin Paradox,2014-11-16,43,,,6.9,10,
episode,1431,CSI: Crime Scene Investigation,15,7,1012237,,Road to Recovery,2014-11-23,42,,,7.6,9,
episode,1431,CSI: Crime Scene Investigation,15,8,1012238,,Rubbery Homicide,2014-11-30,43,,,6.7,10,
episode,1431,CSI: Crime Scene Investigation,15,9,1012239,,Let's Make a Deal,2014-12-07,43,,,7.9,9,
episode,1431,CSI: Crime Scene Investigation,15,10,1014452,,Dead Rails,2014-12-14,42,,,7.5,10,
episode,1431,CSI: Crime Scene Investigation,15,11,1023095,,Angle of Attack,2014-12-21,43,,,7.0,10,
episode,1431,CSI: Crime Scene Investigation,15,12,1023096,,Dead Woods,2014-12-28,43,,,7.8,9,
episode,1431,CSI: Crime Scene Investigation,15,13,1027576,,The Greater Good,2015-01-04,44,,,7.7,9,
episode,1431,CSI: Crime Scene Investigation,15,14,1027577,,Merchants of Menace,2015-01-25,43,,,7.9,9,
episode,1431,CSI: Crime Scene Investigation,15,15,1027578,,Hero to Zero,2015-01-25,44,,,7.6,9,
episode,1431,CSI: Crime Scene Investigation,15,16,1027579,,The Last Ride,2015-01-27,43,,,7.3,9,
episode,1431,CSI: Crime Scene Investigation,15,17,1037501,,Under My Skin,2015-02-15,42,,,7.0,13,
episode,1431,CSI: Crime Scene Investigation,15,18,1037502,,The End Game,2015-02-15,43,,,7.045,11,
show,1405,Dexter,,,1405,,Dexter,2006-10-01,,Ended,Crime|Drama|Mystery,8.213,4859,198.3205
season,1405,Dexter,0,,1405_S0,,Specials,2009-10-25,,,,,,
season,1405,Dexter,1,,1405_S1,,Season 1,2006-10-01,,,,,,
season,1405,Dexter,2,,1405_S2,,Season 2,2007-09-30,,,,,,
season,1405,Dexter,3,,1405_S3,,Season 3,2008-09-28,,,,,,
season,1405,Dexter,4,,1405_S4,,Season 4,2009-09-27,,,,,,
season,1405,Dexter,5,,1405_S5,,Season 5,2010-09-26,,,,,,
season,1405,Dexter,6,,1405_S6,,Season 6,2011-10-02,,,,,,
season,1405,Dexter,7,,1405_S7,,Season 7,2012-09-30,,,,,,
season,1405,Dexter,8,,1405_S8,,Season 8,2013-06-30,,,,,,
episode,1405,Dexter,8,1,953320,,A Beautiful Day,2013-06-30,53,,,7.8,65,
episode,1405,Dexter,8,2,953276,,Every Silver Lining...,2013-07-07,58,,,7.237,59,
episode,1405,Dexter,8,3,953277,,What's Eating Dexter Morgan?,2013-07-14,49,,,7.482,56,
episode,1405,Dexter,8,4,953279,,Scar Tissue,2013-07-21,50,,,7.4,56,
episode,1405,Dexter,8,5,953261,,This Little Piggy,2013-07-28,48,,,7.3,56,
episode,1405,Dexter,8,6,953278,,A Little Reflection,2013-08-04,56,,,7.1,58,
episode,1405,Dexter,8,7,953267,,Dress Code,2013-08-11,53,,,7.2,56,
episode,1405,Dexter,8,8,953281,,Are We There Yet?,2013-08-18,53,,,7.3,56,
episode,1405,Dexter,8,9,953283,,Make Your Own Kind of Music,2013-08-25,56,,,6.9,55,
episode,1405,Dexter,8,10,953322,,Goodbye Miami,2013-09-08,53,,,6.5,58,
episode,1405,Dexter,8,11,953284,,Monkey in a Box,2013-09-15,53,,,6.5,61,
episode,1405,Dexter,8,12,953321,,Remember the Monsters?,2013-09-22,57,,,5.27,87,
show,131927,Dexter: New Blood,,,131927,,Dexter: New Blood,2021-11-07,,Ended,Drama|Crime,7.959,1362,21.6414
season,131927,Dexter: New Blood,1,,131927_S1,,Season 1,2021-11-07,,,,,,
episode,131927,Dexter: New Blood,1,1,3151078,,Cold Snap,2021-11-07,58,,,7.8,71,
episode,131927,Dexter: New Blood,1,2,3253568,,Storm of Fuck,2021-11-14,53,,,7.4,49,
episode,131927,Dexter: New Blood,1,3,3253569,,Smoke Signals,2021-11-21,52,,,7.4,40,
episode,131927,Dexter: New Blood,1,4,3253570,,H Is for Hero,2021-11-28,45,,,7.7,37,
episode,131927,Dexter: New Blood,1,5,3319606,,Runaway,2021-12-05,58,,,7.4,38,
episode,131927,Dexter: New Blood,1,6,3319607,,Too Many Tuna Sandwiches,2021-12-12,59,,,7.8,37,
episode,131927,Dexter: New Blood,1,7,3319608,,Skin of Her Teeth,2021-12-19,46,,,7.2,38,
episode,131927,Dexter: New Blood,1,8,3319609,,Unfair Game,2021-12-26,44,,,7.7,37,
episode,131927,Dexter: New Blood,1,9,3359217,,The Family Business,2022-01-02,58,,,7.9,41,
episode,131927,Dexter: New Blood,1,10,3359218,,Sins of the Father,2022-01-09,58,,,4.7,50,
show,219937,Dexter: Original Sin,,,219937,,Dexter: Original Sin,2024-12-15,,Canceled,Crime|Drama,8.238,280,13.4251
season,219937,Dexter: Original Sin,1,,219937_S1,,Season 1,2024-12-14,,,,,,
episode,219937,Dexter: Original Sin,1,1,4217475,,And in the beginning...,2024-12-15,50,,,8.0,57,
episode,219937,Dexter: Original Sin,1,2,5498875,,Kid in a Candy Store,2024-12-22,47,,,7.8,28,
episode,219937,Dexter: Original Sin,1,3,5498876,,Miami Vice,2024-12-22,59,,,8.1,27,
episode,219937,Dexter: Original Sin,1,4,5603386,,Fender Bender,2024-12-29,50,,,8.2,24,
episode,219937,Dexter: Original Sin,1,5,5603387,,F Is for Fuck-Up,2025-01-05,52,,,8.3,22,
episode,219937,Dexter: Original Sin,1,6,5603388,,The Joy of Killing,2025-01-12,50,,,8.2,19,
episode,219937,Dexter: Original Sin,1,7,5603389,,The Big Bad Body Problem,2025-01-26,49,,,8.2,20,
episode,219937,Dexter: Original Sin,1,8,5498877,,Business and Pleasure,2025-02-02,52,,,8.7,18,
episode,219937,Dexter: Original Sin,1,9,5714755,,Blood Drive,2025-02-09,51,,,8.6,16,
episode,219937,Dexter: Original Sin,1,10,5714756,,Code Blues,2025-02-16,50,,,9.0,16,
show,259909,Dexter: Resurrection,,,259909,,Dexter: Resurrection,2025-07-13,,Returning Series,Crime|Drama|Mystery,8.919,179,80.1526
season,259909,Dexter: Resurrection,1,,259909_S1,,Season 1,2025-07-13,,,,,,
episode,259909,Dexter: Resurrection,1,1,5498853,,A Beating Heart...,2025-07-13,52,,,8.5,24,
episode,259909,Dexter: Resurrection,1,2,6192926,,Camera Shy,2025-07-13,48,,,8.5,21,
episode,259909,Dexter: Resurrection,1,3,6192927,,Backseat Driver,2025-07-20,52,,,8.7,18,
episode,259909,Dexter: Resurrection,1,4,6201594,,Call Me Red,2025-07-27,67,,,9.3,21,
episode,259909,Dexter: Resurrection,1,5,6201595,,Murder Horny,2025-08-03,50,,,8.9,13,
episode,259909,Dexter: Resurrection,1,6,6201596,,Cats & Mouse,2025-08-10,57,,,8.9,10,
episode,259909,Dexter: Resurrection,1,7,6201597,,Course Correction,2025-08-17,54,,,9.1,14,
episode,259909,Dexter: Resurrection,1,8,6201598,,The Kill Room Where It Happens,2025-08-24,46,,,8.8,13,
episode,259909,Dexter: Resurrection,1,9,6201599,,Touched by an Ángel,2025-08-31,48,,,8.571,7,
episode,259909,Dexter: Resurrection,1,10,6201600,,And Justice for All…,2025-09-07,,,,0.0,0,
show,57243,Doctor Who,,,57243,,Doctor Who,2005-03-26,,Ended,Action & Adventure|Drama|Sci-Fi & Fantasy,7.562,3194,36.5813
season,57243,Doctor Who,0,,57243_S0,,Specials,2005-11-18,,,,,,
season,57243,Doctor Who,1,,57243_S1,,Series 1,2005-03-26,,,,,,
season,57243,Doctor Who,2,,57243_S2,,Series 2,2006-04-15,,,,,,
season,57243,Doctor Who,3,,57243_S3,,Series 3,2007-04-01,,,,,,
season,57243,Doctor Who,4,,57243_S4,,Series 4,2008-04-05,,,,,,
season,57243,Doctor Who,5,,57243_S5,,Series 5,2010-04-03,,,,,,
season,57243,Doctor Who,6,,57243_S6,,Series 6,2011-04-23,,,,,,
season,57243,Doctor Who,7,,57243_S7,,Series 7,2012-09-01,,,,,,
season,57243,Doctor Who,8,,57243_S8,,Series 8,2014-08-23,,,,,,
season,57243,Doctor Who,9,,57243_S9,,Series 9,2015-09-19,,,,,,
season,57243,Doctor Who,10,,57243_S10,,Series 10,2017-04-15,,,,,,
season,57243,Doctor Who,11,,57243_S11,,Series 11,2018-10-07,,,,,,
season,57243,Doctor Who,12,,57243_S12,,Series 12,2020-01-01,,,,,,
season,57243,Doctor Who,13,,57243_S13,,Flux,2021-10-31,,,,,,
episode,57243,Doctor Who,13,1,2615210,,The Halloween Apocalypse,2021-10-31,51,,,6.974,38,
episode,57243,Doctor Who,13,2,3298227,,War of the Sontarans,2021-11-07,60,,,7.057,35,
episode,57243,Doctor Who,13,3,3321130,,"Once, Upon Time",2021-11-14,50,,,6.176,34,
episode,57243,Doctor Who,13,4,3323453,,Village of the Angels,2021-11-21,57,,,7.368,38,
episode,57243,Doctor Who,13,5,3333767,,Survivors of the Flux,2021-11-28,51,,,6.235,34,
episode,57243,Doctor Who,13,6,3336493,,The Vanquishers,2021-12-05,60,,,5.857,35,
show,80748,FBI,,,80748,,FBI,2018-09-25,,Returning Series,Crime|Action & Adventure|Drama,7.9,852,33.9681
season,80748,FBI,1,,80748_S1,,Season 1,2018-09-24,,,,,,
season,80748,FBI,2,,80748_S2,,Season 2,2019-09-23,,,,,,
season,80748,FBI,3,,80748_S3,,Season 3,2020-11-16,,,,,,
season,80748,FBI,4,,80748_S4,,Season 4,2021-09-20,,,,,,
season,80748,FBI,5,,80748_S5,,Season 5,2022-09-20,,,,,,
season,80748,FBI,6,,80748_S6,,Season 6,2024-02-13,,,,,,
season,80748,FBI,7,,80748_S7,,Season 7,2024-10-15,,,,,,
season,80748,FBI,8,,80748_S8,,Season 8,2025-10-13,,,,,,
episode,80748,FBI,8,1,6374509,,Takeover,2025-10-13,,,,0.0,0,
episode,80748,FBI,8,2,6488869,,Captured,2025-10-20,,,,0.0,0,
show,121658,FBI: International,,,121658,,FBI: International,2021-09-21,,Canceled,Crime|Drama,7.7,215,12.572
season,121658,FBI: International,1,,121658_S1,,Season 1,2021-09-20,,,,,,
season,121658,FBI: International,2,,121658_S2,,Season 2,2022-09-19,,,,,,
season,121658,FBI: International,3,,121658_S3,,Season 3,2024-02-13,,,,,,
season,121658,FBI: International,4,,121658_S4,,Season 4,2024-10-14,,,,,,
episode,121658,FBI: International,4,1,5474916,,"A Leader, Not a Tourist",2024-10-15,41,,,8.7,3,
episode,121658,FBI: International,4,2,5637568,,The Other Hard Part,2024-10-22,41,,,9.7,3,
episode,121658,FBI: International,4,3,5641840,,Nothing Sudden About It,2024-10-29,42,,,8.3,3,
episode,121658,FBI: International,4,4,5641846,,The Unwinnable War,2024-11-12,43,,,8.5,2,
episode,121658,FBI: International,4,5,5693582,,The Future's Looking Bright,2024-11-19,42,,,8.5,2,
episode,121658,FBI: International,4,6,5693583,,They Paid More,2024-12-03,43,,,9.0,2,
episode,121658,FBI: International,4,7,5769741,,Keen as a Bean,2024-12-10,43,,,9.0,2,
episode,121658,FBI: International,4,8,5782737,,You'll Never See It Coming,2024-12-17,40,,,8.8,4,
episode,121658,FBI: International,4,9,5786213,,The Kill Floor,2025-01-28,41,,,7.2,4,
episode,121658,FBI: International,4,10,5891481,,Keep Calm and Deliver the Biotoxin,2025-02-04,43,,,9.0,3,
episode,121658,FBI: International,4,11,5908485,,Veritas Fidelis,2025-02-11,42,,,8.0,3,
episode,121658,FBI: International,4,12,5936382,,Blood Doesn't Become Water,2025-02-18,43,,,8.3,3,
episode,121658,FBI: International,4,13,5970305,,You've Been Greenlit,2025-02-25,42,,,8.0,3,
episode,121658,FBI: International,4,14,5985228,,A Winged Lion for Protection,2025-03-11,43,,,8.7,3,
episode,121658,FBI: International,4,15,5998184,,They May Get Their Wish,2025-03-18,43,,,8.3,3,
episode,121658,FBI: International,4,16,6002009,,Little Angel,2025-04-01,43,,,8.7,3,
episode,121658,FBI: International,4,17,6049769,,Dead Dead,2025-04-08,43,,,9.0,3,
episode,121658,FBI: International,4,18,6066743,,Lone Wolf,2025-04-15,42,,,8.7,3,
episode,121658,FBI: International,4,19,6066744,,Flinch Now and It's Over,2025-04-22,43,,,8.3,3,
episode,121658,FBI: International,4,20,6066745,,We're Out of Here,2025-05-06,43,,,8.5,2,
episode,121658,FBI: International,4,21,6063056,,Herbivore Man (1),2025-05-13,41,,,8.7,3,
episode,121658,FBI: International,4,22,6063057,,Gaijin (2),2025-05-20,43,,,7.0,1,
show,94372,FBI: Most Wanted,,,94372,,FBI: Most Wanted,2020-01-07,,Canceled,Crime|Drama,7.7,414,18.214
season,94372,FBI: Most Wanted,1,,94372_S1,,Season 1,2020-01-06,,,,,,
season,94372,FBI: Most Wanted,2,,94372_S2,,Season 2,2020-11-16,,,,,,
season,94372,FBI: Most Wanted,3,,94372_S3,,Season 3,2021-09-20,,,,,,
season,94372,FBI: Most Wanted,4,,94372_S4,,Season 4,2022-09-19,,,,,,
season,94372,FBI: Most Wanted,5,,94372_S5,,Season 5,2024-02-12,,,,,,
season,94372,FBI: Most Wanted,6,,94372_S6,,Season 6,2024-10-15,,,,,,
episode,94372,FBI: Most Wanted,6,1,5474914,,Aquarium Drinker,2024-10-15,43,,,6.0,3,
episode,94372,FBI: Most Wanted,6,2,5660352,,Varsity Blues,2024-10-22,43,,,6.0,3,
episode,94372,FBI: Most Wanted,6,3,5693586,,White Buffalo,2024-10-29,43,,,5.3,3,
episode,94372,FBI: Most Wanted,6,4,5693587,,Pig Butchering,2024-11-12,43,,,5.7,3,
episode,94372,FBI: Most Wanted,6,5,5693588,,Money Moves,2024-11-19,43,,,8.0,1,
episode,94372,FBI: Most Wanted,6,6,5743842,,Pageantry,2024-12-03,41,,,4.5,2,
episode,94372,FBI: Most Wanted,6,7,5760755,,Highway to Hell,2024-12-10,43,,,7.5,2,
episode,94372,FBI: Most Wanted,6,8,5811048,,The Electric Company,2024-12-17,43,,,8.0,1,
episode,94372,FBI: Most Wanted,6,9,5811049,,Moving On,2025-01-28,42,,,7.5,2,
episode,94372,FBI: Most Wanted,6,10,5912485,,Ars Moriendi,2025-02-04,42,,,7.0,4,
episode,94372,FBI: Most Wanted,6,11,5912486,,Do You Realize??,2025-02-11,44,,,7.5,2,
episode,94372,FBI: Most Wanted,6,12,5948756,,68 Seconds,2025-02-18,43,,,8.0,2,
episode,94372,FBI: Most Wanted,6,13,5978087,,Greek Tragedy,2025-02-25,42,,,4.5,2,
episode,94372,FBI: Most Wanted,6,14,5978088,,100%,2025-03-11,43,,,5.3,3,
episode,94372,FBI: Most Wanted,6,15,6006874,,Four Bodies,2025-03-18,42,,,7.5,2,
episode,94372,FBI: Most Wanted,6,16,6047781,,Toxic Behavior,2025-04-01,43,,,8.0,2,
episode,94372,FBI: Most Wanted,6,17,6047782,,Gut Job,2025-04-08,43,,,7.5,2,
episode,94372,FBI: Most Wanted,6,18,6090791,,Trust,2025-04-15,42,,,7.5,2,
episode,94372,FBI: Most Wanted,6,19,6103941,,Starman,2025-04-22,43,,,7.5,2,
episode,94372,FBI: Most Wanted,6,20,6072504,,Trash Day,2025-05-06,42,,,7.5,2,
episode,94372,FBI: Most Wanted,6,21,6090792,,Souls on ICE,2025-05-13,43,,,7.0,1,
episode,94372,FBI: Most Wanted,6,22,6072505,,The Circle Game,2025-05-20,43,,,0.0,0,
show,124364,FROM,,,124364,,FROM,2022-02-20,,Returning Series,Mystery|Drama|Sci-Fi & Fantasy,8.188,2091,64.7672
season,124364,FROM,1,,124364_S1,,Season 1,2022-02-20,,,,,,
season,124364,FROM,2,,124364_S2,,Season 2,2023-04-23,,,,,,
season,124364,FROM,3,,124364_S3,,Season 3,2024-09-22,,,,,,
season,124364,FROM,4,,124364_S4,,Season 4,,,,,,,
show,1399,Game of Thrones,,,1399,,Game of Thrones,2011-04-17,,Ended,Sci-Fi & Fantasy|Drama|Action & Adventure,8.457,25466,149.347
season,1399,Game of Thrones,0,,1399_S0,,Specials,2010-12-05,,,,,,
season,1399,Game of Thrones,1,,1399_S1,,Season 1,2011-04-17,,,,,,
season,1399,Game of Thrones,2,,1399_S2,,Season 2,2012-04-01,,,,,,
season,1399,Game of Thrones,3,,1399_S3,,Season 3,2013-03-31,,,,,,
season,1399,Game of Thrones,4,,1399_S4,,Season 4,2014-04-06,,,,,,
season,1399,Game of Thrones,5,,1399_S5,,Season 5,2015-04-12,,,,,,
season,1399,Game of Thrones,6,,1399_S6,,Season 6,2016-04-24,,,,,,
season,1399,Game of Thrones,7,,1399_S7,,Season 7,2017-07-16,,,,,,
season,1399,Game of Thrones,8,,1399_S8,,Season 8,2019-04-14,,,,,,
episode,1399,Game of Thrones,8,1,1551825,,Winterfell,2019-04-14,55,,,7.106,287,
episode,1399,Game of Thrones,8,2,1551826,,A Knight of the Seven Kingdoms,2019-04-21,59,,,7.392,269,
episode,1399,Game of Thrones,8,3,1551827,,The Long Night,2019-04-28,82,,,6.843,331,
episode,1399,Game of Thrones,8,4,1551828,,The Last of the Starks,2019-05-05,79,,,5.652,287,
episode,1399,Game of Thrones,8,5,1551829,,The Bells,2019-05-12,80,,,5.915,300,
episode,1399,Game of Thrones,8,6,1551830,,The Iron Throne,2019-05-19,80,,,4.578,371,
show,39416,Geordie Shore,,,39416,,Geordie Shore,2011-05-24,,Returning Series,Reality|Drama,6.1,47,4.2788
season,39416,Geordie Shore,0,,39416_S0,,Specials,2011-08-23,,,,,,
season,39416,Geordie Shore,1,,39416_S1,,Season 1,2011-05-24,,,,,,
season,39416,Geordie Shore,2,,39416_S2,,Season 2,2012-01-31,,,,,,
season,39416,Geordie Shore,3,,39416_S3,,Season 3,2012-06-26,,,,,,
season,39416,Geordie Shore,4,,39416_S4,,Season 4,2012-11-06,,,,,,
season,39416,Geordie Shore,5,,39416_S5,,Season 5,2013-02-19,,,,,,
season,39416,Geordie Shore,6,,39416_S6,,Season 6,2013-07-09,,,,,,
season,39416,Geordie Shore,7,,39416_S7,,Season 7,2013-09-17,,,,,,
season,39416,Geordie Shore,8,,39416_S8,,Season 8,2014-07-22,,,,,,
season,39416,Geordie Shore,9,,39416_S9,,Season 9,2014-10-28,,,,,,
season,39416,Geordie Shore,10,,39416_S10,,Season 10,2015-04-07,,,,,,
season,39416,Geordie Shore,11,,39416_S11,,Season 11,2015-10-20,,,,,,
season,39416,Geordie Shore,12,,39416_S12,,Season 12,2016-03-15,,,,,,
season,39416,Geordie Shore,13,,39416_S13,,Season 13,2016-10-25,,,,,,
season,39416,Geordie Shore,14,,39416_S14,,Season 14,2017-03-28,,,,,,
season,39416,Geordie Shore,15,,39416_S15,,Season 15,2017-08-29,,,,,,
season,39416,Geordie Shore,16,,39416_S16,,Season 16,2018-01-09,,,,,,
season,39416,Geordie Shore,17,,39416_S17,,Season 17,2018-05-15,,,,,,
season,39416,Geordie Shore,18,,39416_S18,,Season 18,2018-10-16,,,,,,
season,39416,Geordie Shore,19,,39416_S19,,Season 19,2019-04-09,,,,,,
season,39416,Geordie Shore,20,,39416_S20,,Season 20,2019-10-29,,,,,,
season,39416,Geordie Shore,21,,39416_S21,,Season 21,2020-07-28,,,,,,
season,39416,Geordie Shore,22,,39416_S22,,Hot Single Summer,2021-10-04,,,,,,
season,39416,Geordie Shore,23,,39416_S23,,The Reunion Series,2022-09-20,,,,,,
season,39416,Geordie Shore,24,,39416_S24,,Season 24,2024-01-09,,,,,,
season,39416,Geordie Shore,25,,39416_S25,,Season 25,2025-01-07,,,,,,
episode,39416,Geordie Shore,25,1,5872190,,"Geordie Shore, Thai-Aye!",2025-01-07,44,,,0.0,0,
episode,39416,Geordie Shore,25,2,5888049,,"Sun, Sea & Scotty-T!",2025-01-07,44,,,0.0,0,
episode,39416,Geordie Shore,25,3,5894925,,Trouble in Paradise!,2025-01-14,44,,,0.0,0,
episode,39416,Geordie Shore,25,4,5894926,,It's A Family Affair,2025-01-21,44,,,0.0,0,
episode,39416,Geordie Shore,25,5,5894927,,Full Moon Carnage,2025-01-28,44,,,0.0,0,
episode,39416,Geordie Shore,25,6,5949773,,A Decent Proposal,2025-02-04,43,,,0.0,0,
episode,39416,Geordie Shore,25,7,5949774,,"Will She, Won't She?",2025-02-11,44,,,0.0,0,
episode,39416,Geordie Shore,25,8,5949775,,Ko Samui Kick Off,2025-02-18,43,,,0.0,0,
episode,39416,Geordie Shore,25,9,5992516,,What Did You Call Me?!,2025-02-25,43,,,0.0,0,
episode,39416,Geordie Shore,25,10,6005071,,Never say Never!,2025-03-04,44,,,0.0,0,
show,253896,Happy's Place,,,253896,,Happy's Place,2024-10-18,,Returning Series,Comedy,5.8,12,1.4304
season,253896,Happy's Place,1,,253896_S1,,Season 1,2024-10-18,,,,,,
season,253896,Happy's Place,2,,253896_S2,,Season 2,2025-11-07,,,,,,
episode,253896,Happy's Place,2,1,6414138,,Episode 1,2025-11-07,,,,0.0,0,
episode,253896,Happy's Place,2,2,6414139,,Episode 2,2025-11-07,,,,0.0,0,
show,124834,Heartstopper,,,124834,,Heartstopper,2022-04-22,,Canceled,Drama,8.6,1587,8.0722
season,124834,Heartstopper,1,,124834_S1,,Season 1,2022-04-22,,,,,,
season,124834,Heartstopper,2,,124834_S2,,Season 2,2023-08-03,,,,,,
season,124834,Heartstopper,3,,124834_S3,,Season 3,2024-10-03,,,,,,
episode,124834,Heartstopper,3,1,4704016,,Love,2024-10-03,33,,,8.609,23,
episode,124834,Heartstopper,3,2,5522340,,Home,2024-10-03,39,,,8.6,14,
episode,124834,Heartstopper,3,3,5522341,,Talk,2024-10-03,37,,,9.4,12,
episode,124834,Heartstopper,3,4,5522342,,Journey,2024-10-03,34,,,8.9,13,
episode,124834,Heartstopper,3,5,5522343,,Winter,2024-10-03,34,,,8.8,13,
episode,124834,Heartstopper,3,6,5522349,,Body,2024-10-03,36,,,8.7,13,
episode,124834,Heartstopper,3,7,5522358,,Together,2024-10-03,35,,,8.8,13,
episode,124834,Heartstopper,3,8,5525537,,Apart,2024-10-03,36,,,8.9,13,
show,226637,High Potential,,,226637,,High Potential,2024-09-17,,Returning Series,Drama|Crime|Mystery,8.02,298,27.0401
season,226637,High Potential,1,,226637_S1,,Season 1,2024-09-17,,,,,,
season,226637,High Potential,2,,226637_S2,,Season 2,2025-09-16,,,,,,
episode,226637,High Potential,2,1,6388491,,Pawns,2025-09-16,,,,0.0,0,
episode,226637,High Potential,2,2,6388492,,Checkmate,2025-09-23,,,,0.0,0,
episode,226637,High Potential,2,3,6388493,,Eleven Minutes,2025-09-30,,,,0.0,0,
episode,226637,High Potential,2,4,6494308,,Episode 4,2025-10-07,,,,0.0,0,
show,549,Law & Order,,,549,,Law & Order,1990-09-13,,Returning Series,Crime|Drama,7.406,629,112.8031
season,549,Law & Order,0,,549_S0,,Specials,,,,,,,
episode,549,Law & Order,0,1,31048,,Special: The Cast: The Early Years,,45,,,0.0,0,
episode,549,Law & Order,0,2,31044,,Interview: Dick Wolfe: Creator,,45,,,0.0,0,
episode,549,Law & Order,0,3,31045,,Interview: Jerry Orbach,,45,,,0.0,0,
episode,549,Law & Order,0,4,31046,,Interview: Jesse L. Martin,,45,,,0.0,0,
episode,549,Law & Order,0,5,31047,,Interview: Fred Dalton Thompson,,45,,,0.0,0,
episode,549,Law & Order,0,6,31049,,"Interview: Park Dietz, MD: Inside The Criminal Mind",,45,,,0.0,0,
episode,549,Law & Order,0,7,31037,,Special: The First Three Years,,45,,,0.0,0,
season,549,Law & Order,1,,549_S1,,Season 1,1990-09-13,,,,,,
season,549,Law & Order,2,,549_S2,,Season 2,1991-09-16,,,,,,
season,549,Law & Order,3,,549_S3,,Season 3,1992-09-22,,,,,,
season,549,Law & Order,4,,549_S4,,Season 4,1993-09-15,,,,,,
season,549,Law & Order,5,,549_S5,,Season 5,1994-09-21,,,,,,
season,549,Law & Order,6,,549_S6,,Season 6,1995-09-20,,,,,,
season,549,Law & Order,7,,549_S7,,Season 7,1996-09-18,,,,,,
season,549,Law & Order,8,,549_S8,,Season 8,1997-09-24,,,,,,
season,549,Law & Order,9,,549_S9,,Season 9,1998-09-23,,,,,,
season,549,Law & Order,10,,549_S10,,Season 10,1999-09-22,,,,,,
season,549,Law & Order,11,,549_S11,,Season 11,2000-10-17,,,,,,
season,549,Law & Order,12,,549_S12,,Season 12,2001-09-25,,,,,,
season,549,Law & Order,13,,549_S13,,Season 13,2002-10-01,,,,,,
season,549,Law & Order,14,,549_S14,,Season 14,2003-09-23,,,,,,
season,549,Law & Order,15,,549_S15,,Season 15,2004-09-21,,,,,,
season,549,Law & Order,16,,549_S16,,Season 16,2005-09-20,,,,,,
season,549,Law & Order,17,,549_S17,,Season 17,2006-09-21,,,,,,
season,549,Law & Order,18,,549_S18,,Season 18,2008-01-01,,,,,,
season,549,Law & Order,19,,549_S19,,Season 19,2008-11-04,,,,,,
season,549,Law & Order,20,,549_S20,,Season 20,2009-09-24,,,,,,
season,549,Law & Order,21,,549_S21,,Season 21,2022-02-23,,,,,,
season,549,Law & Order,22,,549_S22,,Season 22,2022-09-22,,,,,,
season,549,Law & Order,23,,549_S23,,Season 23,2024-01-17,,,,,,
season,549,Law & Order,24,,549_S24,,Season 24,2024-10-03,,,,,,
season,549,Law & Order,25,,549_S25,,Season 25,2025-09-25,,,,,,
episode,549,Law & Order,25,1,6414038,,Episode 1,2025-09-25,,,,0.0,0,
show,90,Mayday,,,90,,Mayday,2003-09-03,,Returning Series,Documentary|Drama|Crime,8.2,266,28.0688
season,90,Mayday,0,,90_S0,,Specials,2004-06-26,,,,,,
season,90,Mayday,1,,90_S1,,Season 1,2003-09-03,,,,,,
season,90,Mayday,2,,90_S2,,Season 2,2005-01-23,,,,,,
season,90,Mayday,3,,90_S3,,Season 3,2005-09-14,,,,,,
season,90,Mayday,4,,90_S4,,Season 4,2007-04-15,,,,,,
season,90,Mayday,5,,90_S5,,Season 5,2008-04-09,,,,,,
season,90,Mayday,6,,90_S6,,Season 6,2007-12-16,,,,,,
season,90,Mayday,7,,90_S7,,Season 7,2009-11-04,,,,,,
season,90,Mayday,8,,90_S8,,Season 8,2009-06-10,,,,,,
season,90,Mayday,9,,90_S9,,Season 9,2010-09-08,,,,,,
season,90,Mayday,10,,90_S10,,Season 10,2011-02-28,,,,,,
season,90,Mayday,11,,90_S11,,Season 11,2011-08-12,,,,,,
season,90,Mayday,12,,90_S12,,Season 12,2012-08-03,,,,,,
season,90,Mayday,13,,90_S13,,Season 13,2013-12-16,,,,,,
season,90,Mayday,14,,90_S14,,Season 14,2015-01-05,,,,,,
season,90,Mayday,15,,90_S15,,Season 15,2016-01-02,,,,,,
season,90,Mayday,16,,90_S16,,Season 16,2016-06-07,,,,,,
season,90,Mayday,17,,90_S17,,Season 17,2017-02-20,,,,,,
season,90,Mayday,18,,90_S18,,Season 18,2018-02-13,,,,,,
season,90,Mayday,19,,90_S19,,Season 19,2019-01-02,,,,,,
season,90,Mayday,20,,90_S20,,Season 20,2020-01-09,,,,,,
season,90,Mayday,21,,90_S21,,Season 21,2021-04-04,,,,,,
season,90,Mayday,22,,90_S22,,Season 22,2022-01-10,,,,,,
season,90,Mayday,23,,90_S23,,Season 23,2023-02-13,,,,,,
season,90,Mayday,24,,90_S24,,Season 24,2024-02-18,,,,,,
season,90,Mayday,25,,90_S25,,Season 25,2025-02-03,,,,,,
episode,90,Mayday,25,1,5983150,,Pacific Ditching (Transair Flight 810),2025-02-03,44,,,0.0,0,
episode,90,Mayday,25,2,5983153,,Running on Empty (Air Tahoma Flight 185),2025-02-10,44,,,0.0,0,
episode,90,Mayday,25,3,5951354,,Power Struggle,2025-02-17,43,,,0.0,0,
episode,90,Mayday,25,4,5983148,,Second Thoughts (Luxair Flight 9642),2025-02-24,44,,,0.0,0,
episode,90,Mayday,25,5,5951356,,Powerless Plunge (Loganair Flight 670A),2025-03-03,44,,,0.0,0,
episode,90,Mayday,25,6,5951353,,Cabin Chaos,2025-03-10,43,,,0.0,0,
episode,90,Mayday,25,7,5983149,,Deadly Climb (Midwest Express Airlines Flight 105),2025-03-17,44,,,0.0,0,
episode,90,Mayday,25,8,5951355,,Firebomber Down,2025-03-24,44,,,0.0,0,
episode,90,Mayday,25,9,5983151,,Collision Catastrophe (2002 Überlingen mid-air collision),2025-03-31,44,,,10.0,1,
episode,90,Mayday,25,10,5983152,,Fatal Test Flight (Airborne Express Flight 827),2025-04-07,42,,,0.0,0,
episode,90,Mayday,25,11,6237187,,No Exit (US Air 1493),2025-05-26,44,,,0.0,0,
show,249023,North of North,,,249023,,North of North,2025-01-07,,Returning Series,Comedy,6.793,29,2.3542
season,249023,North of North,1,,249023_S1,,Season 1,2025-01-07,,,,,,
season,249023,North of North,2,,249023_S2,,Season 2,,,,,,,
show,246381,Prime Target,,,246381,,Prime Target,2025-01-22,,Returning Series,Drama|Action & Adventure,6.837,101,8.4612
season,246381,Prime Target,1,,246381_S1,,Season 1,2025-01-22,,,,,,
episode,246381,Prime Target,1,1,5146358,,A New Pattern,2025-01-22,49,,,6.0,8,
episode,246381,Prime Target,1,2,5146360,,Syracuse,2025-01-22,46,,,7.0,4,
episode,246381,Prime Target,1,3,5146361,,The Sequence,2025-01-29,44,,,7.0,4,
episode,246381,Prime Target,1,4,5146362,,Kaplar,2025-02-05,43,,,5.8,5,
episode,246381,Prime Target,1,5,5146363,,House of Wisdom,2025-02-12,51,,,6.0,4,
episode,246381,Prime Target,1,6,5146364,,The Last Link,2025-02-19,44,,,6.2,5,
episode,246381,Prime Target,1,7,5146365,,Prime Finder,2025-02-26,58,,,6.75,4,
episode,246381,Prime Target,1,8,5146366,,The Key,2025-03-05,52,,,5.3,3,
show,8514,RuPaul's Drag Race,,,8514,,RuPaul's Drag Race,2009-02-02,,Returning Series,Reality,7.5,256,31.6065
season,8514,RuPaul's Drag Race,0,,8514_S0,,Specials,2011-11-13,,,,,,
season,8514,RuPaul's Drag Race,1,,8514_S1,,Season 1,2009-02-02,,,,,,
season,8514,RuPaul's Drag Race,2,,8514_S2,,Season 2,2010-02-01,,,,,,
season,8514,RuPaul's Drag Race,3,,8514_S3,,Season 3,2011-01-24,,,,,,
season,8514,RuPaul's Drag Race,4,,8514_S4,,Season 4,2012-01-30,,,,,,
season,8514,RuPaul's Drag Race,5,,8514_S5,,Season 5,2013-01-28,,,,,,
season,8514,RuPaul's Drag Race,6,,8514_S6,,Season 6,2014-02-24,,,,,,
season,8514,RuPaul's Drag Race,7,,8514_S7,,Season 7,2015-03-02,,,,,,
season,8514,RuPaul's Drag Race,8,,8514_S8,,Season 8,2016-03-07,,,,,,
season,8514,RuPaul's Drag Race,9,,8514_S9,,Season 9,2017-03-24,,,,,,
season,8514,RuPaul's Drag Race,10,,8514_S10,,Season 10,2018-03-22,,,,,,
season,8514,RuPaul's Drag Race,11,,8514_S11,,Season 11,2019-02-28,,,,,,
season,8514,RuPaul's Drag Race,12,,8514_S12,,Season 12,2020-02-28,,,,,,
season,8514,RuPaul's Drag Race,13,,8514_S13,,Season 13,2021-01-01,,,,,,
season,8514,RuPaul's Drag Race,14,,8514_S14,,Season 14,2022-01-07,,,,,,
season,8514,RuPaul's Drag Race,15,,8514_S15,,Season 15,2023-01-06,,,,,,
season,8514,RuPaul's Drag Race,16,,8514_S16,,Season 16,2024-01-05,,,,,,
season,8514,RuPaul's Drag Race,17,,8514_S17,,Season 17,2025-01-03,,,,,,
season,8514,RuPaul's Drag Race,18,,8514_S18,,Season 18,,,,,,,
show,67482,RuPaul's Drag Race All Stars,,,67482,,RuPaul's Drag Race All Stars,2012-10-22,,Returning Series,Reality,7.3,117,7.1226
season,67482,RuPaul's Drag Race All Stars,1,,67482_S1,,Season 1,2012-10-22,,,,,,
season,67482,RuPaul's Drag Race All Stars,2,,67482_S2,,Season 2,2016-08-25,,,,,,
season,67482,RuPaul's Drag Race All Stars,3,,67482_S3,,Season 3,2018-01-25,,,,,,
season,67482,RuPaul's Drag Race All Stars,4,,67482_S4,,Season 4,2018-12-14,,,,,,
season,67482,RuPaul's Drag Race All Stars,5,,67482_S5,,Season 5,2020-06-05,,,,,,
season,67482,RuPaul's Drag Race All Stars,6,,67482_S6,,Season 6,2021-06-24,,,,,,
season,67482,RuPaul's Drag Race All Stars,7,,67482_S7,,Season 7,2022-05-20,,,,,,
season,67482,RuPaul's Drag Race All Stars,8,,67482_S8,,Season 8,2023-05-12,,,,,,
season,67482,RuPaul's Drag Race All Stars,9,,67482_S9,,Season 9,2024-05-17,,,,,,
season,67482,RuPaul's Drag Race All Stars,10,,67482_S10,,Season 10,2025-05-08,,,,,,
episode,67482,RuPaul's Drag Race All Stars,10,1,6129665,,"Winner Winner, Chicken Dinner",2025-05-09,69,,,6.5,2,
episode,67482,RuPaul's Drag Race All Stars,10,2,6130148,,Murder On The Dance Floor,2025-05-09,63,,,5.5,2,
episode,67482,RuPaul's Drag Race All Stars,10,3,6143902,,Hoop Queens Makeover,2025-05-16,62,,,6.0,2,
episode,67482,RuPaul's Drag Race All Stars,10,4,6143903,,Eight Ball,2025-05-23,65,,,6.5,2,
episode,67482,RuPaul's Drag Race All Stars,10,5,6143904,,Rappin' Roast,2025-05-30,63,,,7.3,3,
episode,67482,RuPaul's Drag Race All Stars,10,6,6143905,,Starrbooty: The Rebooty,2025-06-06,,,,6.7,3,
episode,67482,RuPaul's Drag Race All Stars,10,7,6167141,,Wicked Good,2025-06-13,67,,,6.0,2,
episode,67482,RuPaul's Drag Race All Stars,10,8,6167142,,Stagecooch,2025-06-20,,,,5.5,2,
episode,67482,RuPaul's Drag Race All Stars,10,9,6167143,,The Golden Bitchelor,2025-06-27,,,,4.5,2,
episode,67482,RuPaul's Drag Race All Stars,10,10,6167144,,Tournament of All Stars Snatch Game,2025-07-04,63,,,5.5,2,
episode,67482,RuPaul's Drag Race All Stars,10,11,6167145,,Tournament of All Stars Talent Invitational,2025-07-11,63,,,6.5,2,
episode,67482,RuPaul's Drag Race All Stars,10,12,6167146,,Tournament of All Stars Smackdown for the Crown,2025-07-18,63,,,7.0,3,
show,67564,RuPaul's Drag Race All Stars: UNTUCKED,,,67564,,RuPaul's Drag Race All Stars: UNTUCKED,2012-10-23,,Returning Series,Reality,5.7,23,1.9341
season,67564,RuPaul's Drag Race All Stars: UNTUCKED,1,,67564_S1,,Season 1,2012-10-23,,,,,,
season,67564,RuPaul's Drag Race All Stars: UNTUCKED,2,,67564_S2,,Season 2,2020-06-05,,,,,,
season,67564,RuPaul's Drag Race All Stars: UNTUCKED,3,,67564_S3,,Season 3,2021-06-24,,,,,,
season,67564,RuPaul's Drag Race All Stars: UNTUCKED,4,,67564_S4,,Season 4,2022-05-20,,,,,,
season,67564,RuPaul's Drag Race All Stars: UNTUCKED,5,,67564_S5,,Season 5,2023-05-12,,,,,,
season,67564,RuPaul's Drag Race All Stars: UNTUCKED,6,,67564_S6,,Season 6,2024-05-17,,,,,,
season,67564,RuPaul's Drag Race All Stars: UNTUCKED,7,,67564_S7,,Season 7,2025-05-09,,,,,,
episode,67564,RuPaul's Drag Race All Stars: UNTUCKED,7,1,6130165,,"Winner Winner, Chicken Dinner",2025-05-09,22,,,8.0,1,
episode,67564,RuPaul's Drag Race All Stars: UNTUCKED,7,2,6130166,,Murder on the Dance Floor,2025-05-09,22,,,8.0,1,
episode,67564,RuPaul's Drag Race All Stars: UNTUCKED,7,3,6167149,,Hoop Queens Makeovers,2025-05-16,22,,,7.0,1,
episode,67564,RuPaul's Drag Race All Stars: UNTUCKED,7,4,6167151,,Eight Ball,2025-05-23,22,,,6.0,1,
episode,67564,RuPaul's Drag Race All Stars: UNTUCKED,7,5,6167152,,Rappin' Roast,2025-05-30,22,,,7.0,1,
episode,67564,RuPaul's Drag Race All Stars: UNTUCKED,7,6,6167153,,Starrbooty: The Rebooty,2025-06-06,22,,,7.0,1,
episode,67564,RuPaul's Drag Race All Stars: UNTUCKED,7,7,6167154,,Wicked Good,2025-06-13,22,,,7.0,1,
episode,67564,RuPaul's Drag Race All Stars: UNTUCKED,7,8,6167155,,Stagecooch,2025-06-20,21,,,7.0,1,
episode,67564,RuPaul's Drag Race All Stars: UNTUCKED,7,9,6167156,,The Golden Bitchelor,2025-06-27,21,,,7.0,1,
episode,67564,RuPaul's Drag Race All Stars: UNTUCKED,7,10,6167157,,Tournament of All Stars Snatch Game,2025-07-04,21,,,7.0,1,
episode,67564,RuPaul's Drag Race All Stars: UNTUCKED,7,11,6167158,,Tournament of All Stars Talent Invitational,2025-07-11,21,,,7.0,1,
episode,67564,RuPaul's Drag Race All Stars: UNTUCKED,7,12,6167159,,Tournament of All Stars Smackdown for the Crown,2025-07-18,21,,,7.0,1,
show,122692,RuPaul's Drag Race Down Under,,,122692,,RuPaul's Drag Race Down Under,2021-05-01,,Returning Series,Reality,5.2,25,2.9872
season,122692,RuPaul's Drag Race Down Under,0,,122692_S0,,Specials,2021-03-05,,,,,,
season,122692,RuPaul's Drag Race Down Under,1,,122692_S1,,Season 1,2021-04-30,,,,,,
season,122692,RuPaul's Drag Race Down Under,2,,122692_S2,,Season 2,2022-07-30,,,,,,
season,122692,RuPaul's Drag Race Down Under,3,,122692_S3,,Season 3,2023-07-28,,,,,,
season,122692,RuPaul's Drag Race Down Under,4,,122692_S4,,Season 4,2024-11-01,,,,,,
episode,122692,RuPaul's Drag Race Down Under,4,1,5660200,,Doubling Down,2024-11-01,58,,,7.0,2,
episode,122692,RuPaul's Drag Race Down Under,4,2,5719571,,Mr. Right or Mr. Right Now?,2024-11-08,54,,,6.0,1,
episode,122692,RuPaul's Drag Race Down Under,4,3,5720484,,Snatch Me Out Of Here,2024-11-15,56,,,7.0,1,
episode,122692,RuPaul's Drag Race Down Under,4,4,5720486,,Fierce Fabulous Fashion,2024-11-22,57,,,8.0,1,
episode,122692,RuPaul's Drag Race Down Under,4,5,5720487,,Booked And Beautiful,2024-11-29,58,,,8.0,1,
episode,122692,RuPaul's Drag Race Down Under,4,6,5720488,,Platy-Pussies On Fire,2024-12-06,56,,,6.0,1,
episode,122692,RuPaul's Drag Race Down Under,4,7,5720489,,The Rhys Roast,2024-12-13,57,,,7.0,1,
episode,122692,RuPaul's Drag Race Down Under,4,8,5720491,,Grand Finale,2024-12-20,56,,,8.0,1,
show,232821,RuPaul's Drag Race Global All Stars,,,232821,,RuPaul's Drag Race Global All Stars,2024-08-16,,Returning Series,Reality,5.5,5,1.7053
season,232821,RuPaul's Drag Race Global All Stars,0,,232821_S0,,Specials,2024-07-15,,,,,,
season,232821,RuPaul's Drag Race Global All Stars,1,,232821_S1,,Season 1,2024-08-16,,,,,,
season,232821,RuPaul's Drag Race Global All Stars,2,,232821_S2,,Season 2,,,,,,,
show,251306,RuPaul's Drag Race Live Untucked,,,251306,,RuPaul's Drag Race Live Untucked,2024-04-17,,Returning Series,Reality,0.0,0,0.8259
season,251306,RuPaul's Drag Race Live Untucked,1,,251306_S1,,Season 1,2024-04-17,,,,,,
season,251306,RuPaul's Drag Race Live Untucked,2,,251306_S2,,Season 2,2025-04-16,,,,,,
episode,251306,RuPaul's Drag Race Live Untucked,2,1,6020974,,New Queen on the Strip,2025-04-16,24,,,0.0,0,
episode,251306,RuPaul's Drag Race Live Untucked,2,2,6140552,,Not a Dress Rehearsal,2025-04-23,27,,,0.0,0,
episode,251306,RuPaul's Drag Race Live Untucked,2,3,6140553,,Season 16 Sisters,2025-04-30,23,,,0.0,0,
episode,251306,RuPaul's Drag Race Live Untucked,2,4,6178922,,When You’re Here You’re Family,2025-05-07,25,,,0.0,0,
episode,251306,RuPaul's Drag Race Live Untucked,2,5,6178923,,Hidden Talent,2025-05-14,23,,,0.0,0,
episode,251306,RuPaul's Drag Race Live Untucked,2,6,6178924,,The Fly Girls,2025-05-21,23,,,0.0,0,
show,92611,RuPaul's Drag Race UK,,,92611,,RuPaul's Drag Race UK,2019-10-03,,Returning Series,Reality,7.2,55,8.901
season,92611,RuPaul's Drag Race UK,0,,92611_S0,,Specials,2019-09-03,,,,,,
season,92611,RuPaul's Drag Race UK,1,,92611_S1,,Series 1,2019-10-03,,,,,,
season,92611,RuPaul's Drag Race UK,2,,92611_S2,,Series 2,2021-01-14,,,,,,
season,92611,RuPaul's Drag Race UK,3,,92611_S3,,Series 3,2021-09-22,,,,,,
season,92611,RuPaul's Drag Race UK,4,,92611_S4,,Series 4,2022-09-22,,,,,,
season,92611,RuPaul's Drag Race UK,5,,92611_S5,,Series 5,2023-09-28,,,,,,
season,92611,RuPaul's Drag Race UK,6,,92611_S6,,Series 6,2024-09-26,,,,,,
season,92611,RuPaul's Drag Race UK,7,,92611_S7,,Series 7,,,,,,,
episode,92611,RuPaul's Drag Race UK,7,1,6474364,,Episode 1,,,,,0.0,0,
show,155431,RuPaul's Drag Race UK vs The World,,,155431,,RuPaul's Drag Race UK vs The World,2022-02-01,,Returning Series,Reality,6.1,17,1.0373
season,155431,RuPaul's Drag Race UK vs The World,0,,155431_S0,,Specials,2022-01-18,,,,,,
season,155431,RuPaul's Drag Race UK vs The World,1,,155431_S1,,Series 1,2022-02-01,,,,,,
season,155431,RuPaul's Drag Race UK vs The World,2,,155431_S2,,Series 2,2024-02-08,,,,,,
season,155431,RuPaul's Drag Race UK vs The World,3,,155431_S3,,Series 3,,,,,,,
show,38409,RuPaul's Drag Race: Untucked,,,38409,,RuPaul's Drag Race: Untucked,2010-02-01,,Returning Series,Reality,6.2,48,8.3296
season,38409,RuPaul's Drag Race: Untucked,1,,38409_S1,,Season 1,2010-02-01,,,,,,
season,38409,RuPaul's Drag Race: Untucked,2,,38409_S2,,Season 2,2011-01-24,,,,,,
season,38409,RuPaul's Drag Race: Untucked,3,,38409_S3,,Season 3,2012-01-30,,,,,,
season,38409,RuPaul's Drag Race: Untucked,4,,38409_S4,,Season 4,2013-01-28,,,,,,
season,38409,RuPaul's Drag Race: Untucked,5,,38409_S5,,Season 5,2014-02-24,,,,,,
season,38409,RuPaul's Drag Race: Untucked,6,,38409_S6,,Season 6,2015-03-02,,,,,,
season,38409,RuPaul's Drag Race: Untucked,7,,38409_S7,,Season 7,2016-03-07,,,,,,
season,38409,RuPaul's Drag Race: Untucked,8,,38409_S8,,Season 8,2017-03-24,,,,,,
season,38409,RuPaul's Drag Race: Untucked,9,,38409_S9,,Season 9,2018-03-22,,,,,,
season,38409,RuPaul's Drag Race: Untucked,10,,38409_S10,,Season 10,2019-03-01,,,,,,
season,38409,RuPaul's Drag Race: Untucked,11,,38409_S11,,Season 11,2020-02-28,,,,,,
season,38409,RuPaul's Drag Race: Untucked,12,,38409_S12,,Season 12,2021-01-01,,,,,,
season,38409,RuPaul's Drag Race: Untucked,13,,38409_S13,,Season 13,2022-01-07,,,,,,
season,38409,RuPaul's Drag Race: Untucked,14,,38409_S14,,Season 14,2023-01-06,,,,,,
season,38409,RuPaul's Drag Race: Untucked,15,,38409_S15,,Season 15,2024-01-05,,,,,,
season,38409,RuPaul's Drag Race: Untucked,16,,38409_S16,,Season 16,2025-01-03,,,,,,
episode,38409,RuPaul's Drag Race: Untucked,16,1,5813608,,Squirrel Games,2025-01-03,21,,,7.0,1,
episode,38409,RuPaul's Drag Race: Untucked,16,2,5859087,,Drag Queens Got Talent - Part 2,2025-01-10,21,,,7.0,1,
episode,38409,RuPaul's Drag Race: Untucked,16,3,5859088,,Monopulence!,2025-01-17,21,,,0.0,0,
episode,38409,RuPaul's Drag Race: Untucked,16,4,5859089,,"Bitch, I'm a Drag Queen!",2025-01-24,21,,,8.0,1,
episode,38409,RuPaul's Drag Race: Untucked,16,5,5859090,,RDR Live!,2025-01-31,21,,,0.0,0,
episode,38409,RuPaul's Drag Race: Untucked,16,6,5859091,,Let's Get Sea Sickening Ball,2025-02-07,21,,,8.0,1,
episode,38409,RuPaul's Drag Race: Untucked,16,7,5859092,,Snatch Game,2025-02-14,21,,,7.0,1,
episode,38409,RuPaul's Drag Race: Untucked,16,8,5859093,,The Wicked Wiz of Oz: The Rusical!,2025-02-21,21,,,7.0,1,
episode,38409,RuPaul's Drag Race: Untucked,16,9,5859094,,Heavens To Betsey!,2025-02-28,21,,,8.0,1,
episode,38409,RuPaul's Drag Race: Untucked,16,10,5859095,,The Villains Roast,2025-03-07,21,,,8.0,1,
episode,38409,RuPaul's Drag Race: Untucked,16,11,5859096,,Ross Mathews vs. The Ducks,2025-03-14,21,,,7.0,1,
episode,38409,RuPaul's Drag Race: Untucked,16,12,5859097,,"Charisma, Uniqueness, Nerve & Talent Monologues",2025-03-21,21,,,0.0,0,
episode,38409,RuPaul's Drag Race: Untucked,16,13,5859098,,Drag Baby Mamas,2025-03-28,21,,,7.0,1,
episode,38409,RuPaul's Drag Race: Untucked,16,14,6067961,,How's Your Headliner?,2025-04-04,21,,,8.0,1,
show,95396,Severance,,,95396,,Severance,2022-02-17,,Returning Series,Drama|Mystery|Sci-Fi & Fantasy,8.4,2146,36.5952
season,95396,Severance,0,,95396_S0,,Specials,2021-12-15,,,,,,
season,95396,Severance,1,,95396_S1,,Season 1,2022-02-17,,,,,,
season,95396,Severance,2,,95396_S2,,Season 2,2025-01-16,,,,,,
season,95396,Severance,3,,95396_S3,,Season 3,,,,,,,
show,260471,Shifting Gears,,,260471,,Shifting Gears,2025-01-08,,Returning Series,Comedy,6.1,45,4.7221
season,260471,Shifting Gears,1,,260471_S1,,Season 1,2025-01-08,,,,,,
season,260471,Shifting Gears,2,,260471_S2,,Season 2,2025-10-01,,,,,,
episode,260471,Shifting Gears,2,1,6388508,,Episode 1,2025-10-01,,,,0.0,0,
episode,260471,Shifting Gears,2,2,6388509,,Episode 2,2025-10-08,,,,0.0,0,
episode,260471,Shifting Gears,2,3,6388510,,Episode 3,2025-10-15,,,,0.0,0,
show,251941,St. Denis Medical,,,251941,,St. Denis Medical,2024-11-12,,Returning Series,Comedy,6.9,29,2.9847
season,251941,St. Denis Medical,1,,251941_S1,,Season 1,2024-11-12,,,,,,
season,251941,St. Denis Medical,2,,251941_S2,,Season 2,2025-11-03,,,,,,
episode,251941,St. Denis Medical,2,1,6414036,,Episode 1,2025-11-03,,,,0.0,0,
episode,251941,St. Denis Medical,2,2,6414037,,Episode 2,2025-11-03,,,,0.0,0,
show,66732,Stranger Things,,,66732,,Stranger Things,2016-07-15,,Returning Series,Drama|Sci-Fi & Fantasy|Mystery,8.596,18672,70.7513
season,66732,Stranger Things,1,,66732_S1,,Season 1,2016-07-15,,,,,,
season,66732,Stranger Things,2,,66732_S2,,Stranger Things 2,2017-10-27,,,,,,
season,66732,Stranger Things,3,,66732_S3,,Stranger Things 3,2019-07-04,,,,,,
season,66732,Stranger Things,4,,66732_S4,,Stranger Things 4,2022-05-27,,,,,,
season,66732,Stranger Things,5,,66732_S5,,Stranger Things 5,2025-11-26,,,,,,
episode,66732,Stranger Things,5,1,5477828,,Chapter One: The Crawl,2025-11-26,,,,0.0,0,
episode,66732,Stranger Things,5,2,5607045,,Chapter Two: The Vanishing of ...,2025-11-26,,,,0.0,0,
episode,66732,Stranger Things,5,3,5607046,,Chapter Three: The Turnbow Trap,2025-11-26,,,,0.0,0,
episode,66732,Stranger Things,5,4,5607047,,Chapter Four: Sorcerer,2025-11-26,,,,0.0,0,
episode,66732,Stranger Things,5,5,5607048,,Chapter Five: Shock Jock,2025-12-25,,,,0.0,0,
episode,66732,Stranger Things,5,6,5607049,,Chapter Six: Escape from Camazotz,2025-12-25,,,,0.0,0,
episode,66732,Stranger Things,5,7,5607050,,Chapter Seven: The Bridge,2025-12-25,,,,0.0,0,
episode,66732,Stranger Things,5,8,5607051,,Chapter Eight: The Rightside Up,2025-12-31,150,,,0.0,0,
show,28172,The Boys,,,28172,,The Boys,1993-08-20,,Ended,Comedy,0.0,0,0.7173
season,28172,The Boys,1,,28172_S1,,Season 1,1993-08-20,,,,,,
episode,28172,The Boys,1,1,703728,,Don't Call Me Ed,1993-08-20,30,,,0.0,0,
episode,28172,The Boys,1,2,703729,,Ladies' Night,1993-08-27,30,,,0.0,0,
episode,28172,The Boys,1,3,703730,,"Strike One, You're Out",1993-09-03,30,,,0.0,0,
episode,28172,The Boys,1,4,703731,,The Writing Class,1993-09-10,30,,,0.0,0,
episode,28172,The Boys,1,5,703732,,Ninety-Five in the Shade,1993-09-17,30,,,0.0,0,
episode,28172,The Boys,1,6,703733,,The Wicker Moosehead,1993-09-17,30,,,0.0,0,
episode,28172,The Boys,1,7,703734,,The Wicker Moosehead,,30,,,0.0,0,
show,60603,The Curse of Oak Island,,,60603,,The Curse of Oak Island,2014-01-05,,Returning Series,Mystery|Action & Adventure|Reality|Documentary,7.283,145,11.08
season,60603,The Curse of Oak Island,0,,60603_S0,,Specials,2015-11-10,,,,,,
season,60603,The Curse of Oak Island,1,,60603_S1,,Season 1,2014-01-05,,,,,,
season,60603,The Curse of Oak Island,2,,60603_S2,,Season 2,2014-11-04,,,,,,
season,60603,The Curse of Oak Island,3,,60603_S3,,Season 3,2015-11-10,,,,,,
season,60603,The Curse of Oak Island,4,,60603_S4,,Season 4,2016-11-15,,,,,,
season,60603,The Curse of Oak Island,5,,60603_S5,,Season 5,2017-11-06,,,,,,
season,60603,The Curse of Oak Island,6,,60603_S6,,Season 6,2018-11-12,,,,,,
season,60603,The Curse of Oak Island,7,,60603_S7,,Season 7,2019-11-04,,,,,,
season,60603,The Curse of Oak Island,8,,60603_S8,,Season 8,2020-11-10,,,,,,
season,60603,The Curse of Oak Island,9,,60603_S9,,Season 9,2021-11-02,,,,,,
season,60603,The Curse of Oak Island,10,,60603_S10,,Season 10,2022-11-15,,,,,,
season,60603,The Curse of Oak Island,11,,60603_S11,,Season 11,2023-11-07,,,,,,
season,60603,The Curse of Oak Island,12,,60603_S12,,Season 12,2024-11-12,,,,,,
season,60603,The Curse of Oak Island,13,,60603_S13,,Season 13,,,,,,,
season,60603,The Curse of Oak Island,14,,60603_S14,,Season 14,,,,,,,
show,222766,The Day of the Jackal,,,222766,,The Day of the Jackal,2024-11-07,,Returning Series,Drama|Action & Adventure|Mystery,8.168,743,34.4239
season,222766,The Day of the Jackal,1,,222766_S1,,Series 1,2024-11-07,,,,,,
episode,222766,The Day of the Jackal,1,1,4311888,,Episode 1,2024-11-07,57,,,8.354,99,
episode,222766,The Day of the Jackal,1,2,5665231,,Episode 2,2024-11-07,53,,,7.12,50,
episode,222766,The Day of the Jackal,1,3,5665232,,Episode 3,2024-11-07,50,,,6.786,42,
episode,222766,The Day of the Jackal,1,4,5665233,,Episode 4,2024-11-08,49,,,6.886,44,
episode,222766,The Day of the Jackal,1,5,5665234,,Episode 5,2024-11-08,49,,,7.143,42,
episode,222766,The Day of the Jackal,1,6,5665235,,Episode 6,2024-11-14,49,,,6.902,41,
episode,222766,The Day of the Jackal,1,7,5665236,,Episode 7,2024-11-21,45,,,6.553,38,
episode,222766,The Day of the Jackal,1,8,5665237,,Episode 8,2024-11-28,47,,,6.949,39,
episode,222766,The Day of the Jackal,1,9,5665238,,Episode 9,2024-12-05,47,,,7.35,40,
episode,222766,The Day of the Jackal,1,10,5665239,,Episode 10,2024-12-12,62,,,7.054,37,
show,253372,The Institute,,,253372,,The Institute,2025-07-13,,Returning Series,Mystery|Sci-Fi & Fantasy,7.807,83,24.7212
season,253372,The Institute,1,,253372_S1,,Season 1,2025-07-13,,,,,,
season,253372,The Institute,2,,253372_S2,,Season 2,,,,,,,
episode,253372,The Institute,2,1,6485999,,Episode 1,,,,,0.0,0,
episode,253372,The Institute,2,2,6488874,,Episode 2,,,,,0.0,0,
episode,253372,The Institute,2,3,6491080,,Episode 3,,,,,0.0,0,
show,84773,The Lord of the Rings: The Rings of Power,,,84773,,The Lord of the Rings: The Rings of Power,2022-09-01,,Returning Series,Action & Adventure|Sci-Fi & Fantasy|Drama,7.284,3407,43.4186
season,84773,The Lord of the Rings: The Rings of Power,0,,84773_S0,,Specials,2022-09-03,,,,,,
season,84773,The Lord of the Rings: The Rings of Power,1,,84773_S1,,Season 1,2022-09-01,,,,,,
season,84773,The Lord of the Rings: The Rings of Power,2,,84773_S2,,Season 2,2024-08-29,,,,,,
season,84773,The Lord of the Rings: The Rings of Power,3,,84773_S3,,Season 3,,,,,,,
show,84910,The Masked Singer,,,84910,,The Masked Singer,2019-01-02,,Returning Series,Reality,7.6,117,12.4823
season,84910,The Masked Singer,0,,84910_S0,,Specials,2019-09-14,,,,,,
season,84910,The Masked Singer,1,,84910_S1,,Season 1,2019-01-02,,,,,,
season,84910,The Masked Singer,2,,84910_S2,,Season 2,2019-09-25,,,,,,
season,84910,The Masked Singer,3,,84910_S3,,Season 3,2020-02-02,,,,,,
season,84910,The Masked Singer,4,,84910_S4,,Season 4,2020-09-23,,,,,,
season,84910,The Masked Singer,5,,84910_S5,,Season 5,2021-03-10,,,,,,
season,84910,The Masked Singer,6,,84910_S6,,Season 6,2021-09-22,,,,,,
season,84910,The Masked Singer,7,,84910_S7,,Season 7,2022-03-09,,,,,,
season,84910,The Masked Singer,8,,84910_S8,,Season 8,2022-09-21,,,,,,
season,84910,The Masked Singer,9,,84910_S9,,Season 9,2023-02-15,,,,,,
season,84910,The Masked Singer,10,,84910_S10,,Season 10,2023-09-10,,,,,,
season,84910,The Masked Singer,11,,84910_S11,,Season 11,2024-03-06,,,,,,
season,84910,The Masked Singer,12,,84910_S12,,Season 12,2024-09-25,,,,,,
season,84910,The Masked Singer,13,,84910_S13,,Season 13,2025-02-12,,,,,,
season,84910,The Masked Singer,14,,84910_S14,,Season 14,,,,,,,
show,129552,The Night Agent,,,129552,,The Night Agent,2023-03-23,,Returning Series,Action & Adventure|Drama|Mystery,7.8,971,15.3497
season,129552,The Night Agent,1,,129552_S1,,Season 1,2023-03-22,,,,,,
season,129552,The Night Agent,2,,129552_S2,,Season 2,2025-01-23,,,,,,
season,129552,The Night Agent,3,,129552_S3,,Season 3,,,,,,,
show,101359,The Secret of Skinwalker Ranch,,,101359,,The Secret of Skinwalker Ranch,2020-03-31,,Returning Series,Reality|Documentary,8.0,52,7.817
season,101359,The Secret of Skinwalker Ranch,0,,101359_S0,,Specials,2024-05-07,,,,,,
season,101359,The Secret of Skinwalker Ranch,1,,101359_S1,,Season 1,2020-03-31,,,,,,
season,101359,The Secret of Skinwalker Ranch,2,,101359_S2,,Season 2,2021-05-04,,,,,,
season,101359,The Secret of Skinwalker Ranch,3,,101359_S3,,Season 3,2022-05-03,,,,,,
season,101359,The Secret of Skinwalker Ranch,4,,101359_S4,,Season 4,2023-04-18,,,,,,
season,101359,The Secret of Skinwalker Ranch,5,,101359_S5,,Season 5,2024-04-23,,,,,,
season,101359,The Secret of Skinwalker Ranch,6,,101359_S6,,Season 6,2025-06-03,,,,,,
episode,101359,The Secret of Skinwalker Ranch,6,1,5899201,,Bubble Trouble,2025-06-03,,,,0.0,0,
episode,101359,The Secret of Skinwalker Ranch,6,2,6251622,,The Drone Zone,2025-06-10,,,,0.0,0,
episode,101359,The Secret of Skinwalker Ranch,6,3,6251623,,Smoke It Out,2025-06-17,,,,0.0,0,
episode,101359,The Secret of Skinwalker Ranch,6,4,6251624,,Bursting the Bubble,2025-06-24,,,,0.0,0,
episode,101359,The Secret of Skinwalker Ranch,6,5,6341748,,Pushing Boundaries,2025-07-01,,,,0.0,0,
episode,101359,The Secret of Skinwalker Ranch,6,6,6341749,,Posting Up,2025-07-08,,,,0.0,0,
episode,101359,The Secret of Skinwalker Ranch,6,7,6363067,,Lights Out,2025-07-15,,,,0.0,0,
episode,101359,The Secret of Skinwalker Ranch,6,8,6363068,,Swarm Weather,2025-07-22,,,,0.0,0,
episode,101359,The Secret of Skinwalker Ranch,6,9,6388324,,Darting Around,2025-07-29,,,,0.0,0,
episode,101359,The Secret of Skinwalker Ranch,6,10,6388326,,Hard Target,2025-08-05,,,,0.0,1,
episode,101359,The Secret of Skinwalker Ranch,6,11,6388331,,Hard to Handle,2025-08-12,,,,0.0,0,
episode,101359,The Secret of Skinwalker Ranch,6,12,6388334,,Hard Boiled,2025-08-19,,,,8.0,1,
episode,101359,The Secret of Skinwalker Ranch,6,13,6388339,,Fire in the Holes,2025-08-26,,,,7.0,1,
episode,101359,The Secret of Skinwalker Ranch,6,14,6470893,,Meeting of the Minds,2025-09-02,,,,0.0,0,
show,70,This Hour Has 22 Minutes,,,70,,This Hour Has 22 Minutes,1993-10-11,,Returning Series,News|Comedy,6.608,51,3.8104
season,70,This Hour Has 22 Minutes,0,,70_S0,,Specials,1997-01-01,,,,,,
season,70,This Hour Has 22 Minutes,1,,70_S1,,Season 1,1993-10-11,,,,,,
season,70,This Hour Has 22 Minutes,2,,70_S2,,Season 2,,,,,,,
episode,70,This Hour Has 22 Minutes,2,1,4225415,,Episode 21,,,,,0.0,0,
episode,70,This Hour Has 22 Minutes,2,2,4225416,,Episode 22,,,,,0.0,0,
episode,70,This Hour Has 22 Minutes,2,3,4225417,,Episode 23,,,,,0.0,0,
episode,70,This Hour Has 22 Minutes,2,4,4225418,,Episode 24,,,,,0.0,0,
episode,70,This Hour Has 22 Minutes,2,5,4225419,,Episode 25,,,,,0.0,0,
episode,70,This Hour Has 22 Minutes,2,6,4225420,,Episode 26,,,,,0.0,0,
episode,70,This Hour Has 22 Minutes,2,7,4225421,,Episode 27,,,,,0.0,0,
episode,70,This Hour Has 22 Minutes,2,8,4225422,,Episode 28,,,,,0.0,0,
episode,70,This Hour Has 22 Minutes,2,9,4225423,,Episode 29,,,,,0.0,0,
episode,70,This Hour Has 22 Minutes,2,10,4225424,,Episode 30,,,,,0.0,0,
episode,70,This Hour Has 22 Minutes,2,11,4225425,,Episode 31,,,,,0.0,0,
episode,70,This Hour Has 22 Minutes,2,12,4225426,,Episode 32,,,,,0.0,0,
episode,70,This Hour Has 22 Minutes,2,13,4225427,,Episode 33,,,,,0.0,0,
episode,70,This Hour Has 22 Minutes,2,14,4225428,,Episode 34,,,,,0.0,0,
episode,70,This Hour Has 22 Minutes,2,15,4225429,,Episode 35,,,,,0.0,0,
episode,70,This Hour Has 22 Minutes,2,16,4225430,,Episode 36,,,,,0.0,0,
episode,70,This Hour Has 22 Minutes,2,17,4225431,,Episode 37,,,,,0.0,0,
episode,70,This Hour Has 22 Minutes,2,18,4225432,,Episode 38,,,,,0.0,0,
episode,70,This Hour Has 22 Minutes,2,19,4225433,,Episode 39,,,,,0.0,0,
episode,70,This Hour Has 22 Minutes,2,20,4225434,,Episode 40,,,,,0.0,0,
episode,70,This Hour Has 22 Minutes,2,21,4225435,,Episode 41,,,,,0.0,0,
season,70,This Hour Has 22 Minutes,3,,70_S3,,Season 3,1995-11-06,,,,,,
season,70,This Hour Has 22 Minutes,4,,70_S4,,Season 4,1996-09-30,,,,,,
season,70,This Hour Has 22 Minutes,5,,70_S5,,Season 5,,,,,,,
season,70,This Hour Has 22 Minutes,6,,70_S6,,season 6,,,,,,,
episode,70,This Hour Has 22 Minutes,6,1,2386,,Episode 123,,,,,0.0,0,
episode,70,This Hour Has 22 Minutes,6,2,2387,,Episode 124,,,,,0.0,0,
episode,70,This Hour Has 22 Minutes,6,3,2385,,Episode 125,,,,,0.0,0,
episode,70,This Hour Has 22 Minutes,6,4,2384,,Episode 126,,,,,0.0,0,
episode,70,This Hour Has 22 Minutes,6,5,2390,,Episode 127,,,,,0.0,0,
episode,70,This Hour Has 22 Minutes,6,6,2388,,Episode 128,,,,,0.0,0,
episode,70,This Hour Has 22 Minutes,6,7,2389,,Episode 129,,,,,0.0,0,
season,70,This Hour Has 22 Minutes,7,,70_S7,,Season 7,1999-10-11,,,,,,
season,70,This Hour Has 22 Minutes,8,,70_S8,,Season 8,2000-10-16,,,,,,
season,70,This Hour Has 22 Minutes,9,,70_S9,,Season 9,2002-03-22,,,,,,
season,70,This Hour Has 22 Minutes,10,,70_S10,,Season 10,2002-10-08,,,,,,
season,70,This Hour Has 22 Minutes,11,,70_S11,,Season 11,2003-10-10,,,,,,
season,70,This Hour Has 22 Minutes,12,,70_S12,,Season 12,2004-09-24,,,,,,
season,70,This Hour Has 22 Minutes,13,,70_S13,,Season 13,,,,,,,
season,70,This Hour Has 22 Minutes,14,,70_S14,,Season 14,2006-10-03,,,,,,
season,70,This Hour Has 22 Minutes,15,,70_S15,,Season 15,2007-10-02,,,,,,
season,70,This Hour Has 22 Minutes,16,,70_S16,,Season 16,2008-09-30,,,,,,
season,70,This Hour Has 22 Minutes,17,,70_S17,,Season 17,2009-09-28,,,,,,
season,70,This Hour Has 22 Minutes,18,,70_S18,,Season 18,2010-09-21,,,,,,
season,70,This Hour Has 22 Minutes,19,,70_S19,,Season 19,2011-09-13,,,,,,
season,70,This Hour Has 22 Minutes,20,,70_S20,,Season 20,2012-09-18,,,,,,
season,70,This Hour Has 22 Minutes,21,,70_S21,,Season 21,2013-10-08,,,,,,
season,70,This Hour Has 22 Minutes,22,,70_S22,,Season 22,,,,,,,
season,70,This Hour Has 22 Minutes,23,,70_S23,,Season 23,2015-10-06,,,,,,
season,70,This Hour Has 22 Minutes,24,,70_S24,,Season 24,,,,,,,
episode,70,This Hour Has 22 Minutes,24,1,4521218,,"October 4, 2016",2016-10-04,22,,,0.0,0,
episode,70,This Hour Has 22 Minutes,24,2,4521220,,"October 11, 2016",2016-10-11,22,,,0.0,0,
episode,70,This Hour Has 22 Minutes,24,3,4521221,,"October 18, 2016",2016-10-18,22,,,0.0,0,
episode,70,This Hour Has 22 Minutes,24,4,4521222,,"October 25, 2016",2016-10-25,22,,,0.0,0,
episode,70,This Hour Has 22 Minutes,24,5,4521223,,"November 1, 2016",2016-11-01,22,,,0.0,0,
episode,70,This Hour Has 22 Minutes,24,6,4521224,,The 22 Minutes Election Night Special,2016-11-08,22,,,0.0,0,
episode,70,This Hour Has 22 Minutes,24,7,4521225,,"November 15, 2016",2016-11-15,22,,,0.0,0,
episode,70,This Hour Has 22 Minutes,24,8,4521226,,"November 22, 2016",2016-11-22,22,,,0.0,0,
episode,70,This Hour Has 22 Minutes,24,9,4521227,,"November 29, 2016",2016-11-29,22,,,0.0,0,
episode,70,This Hour Has 22 Minutes,24,10,4521228,,"December 6, 2016",2016-12-06,22,,,0.0,0,
episode,70,This Hour Has 22 Minutes,24,11,4521229,,"January 10, 2017",2017-01-10,22,,,0.0,0,
episode,70,This Hour Has 22 Minutes,24,12,4521230,,"January 17, 2017",2017-01-17,22,,,0.0,0,
episode,70,This Hour Has 22 Minutes,24,13,4521231,,"January 24, 2017",2017-01-24,22,,,0.0,0,
episode,70,This Hour Has 22 Minutes,24,14,4521232,,"January 31, 2017",2017-01-31,22,,,0.0,0,
episode,70,This Hour Has 22 Minutes,24,15,4521233,,"February 7, 2017",2017-02-07,22,,,0.0,0,
episode,70,This Hour Has 22 Minutes,24,16,4521234,,"February 14, 2017",2017-02-14,22,,,0.0,0,
episode,70,This Hour Has 22 Minutes,24,17,4521235,,"February 28, 2017",2017-02-28,22,,,0.0,0,
episode,70,This Hour Has 22 Minutes,24,18,4521236,,"March 7, 2017",2017-03-07,22,,,0.0,0,
episode,70,This Hour Has 22 Minutes,24,19,4521237,,"March 14, 2017",2017-03-14,22,,,0.0,0,
episode,70,This Hour Has 22 Minutes,24,20,4521238,,"March 21, 2017",2017-03-21,22,,,0.0,0,
episode,70,This Hour Has 22 Minutes,24,21,4521239,,"March 28, 2017",2017-03-28,22,,,0.0,0,
episode,70,This Hour Has 22 Minutes,24,22,4521240,,Canada's 150th Special,2017-04-04,22,,,0.0,0,
season,70,This Hour Has 22 Minutes,25,,70_S25,,Season 25,2017-09-26,,,,,,
season,70,This Hour Has 22 Minutes,26,,70_S26,,Season 26,,,,,,,
episode,70,This Hour Has 22 Minutes,26,1,4225592,,Notwithstanding Ford,2018-09-18,22,,,0.0,0,
episode,70,This Hour Has 22 Minutes,26,2,4225593,,Party of One,2018-09-25,22,,,0.0,0,
episode,70,This Hour Has 22 Minutes,26,3,4225594,,Call Me Jay-Pay,2018-10-02,22,,,0.0,0,
episode,70,This Hour Has 22 Minutes,26,4,4225595,,In A Pinch,2018-10-09,22,,,0.0,0,
episode,70,This Hour Has 22 Minutes,26,5,4225596,,Winter Is Coming (To NB),2018-10-16,22,,,0.0,0,
episode,70,This Hour Has 22 Minutes,26,6,4225597,,Carbon Query,2018-10-30,22,,,0.0,0,
episode,70,This Hour Has 22 Minutes,26,7,4225598,,Hot Canadian Nights,2018-11-06,22,,,0.0,0,
episode,70,This Hour Has 22 Minutes,26,8,4225599,,From Statscan to Skynet,2018-11-13,22,,,0.0,0,
episode,70,This Hour Has 22 Minutes,26,9,4225600,,Brison & The Budget,2018-11-27,22,,,0.0,0,
episode,70,This Hour Has 22 Minutes,26,10,4225601,,Hudson's Baywatch,2018-12-04,22,,,0.0,0,
episode,70,This Hour Has 22 Minutes,26,11,4225602,,Holiday Special,2018-12-11,22,,,0.0,0,
episode,70,This Hour Has 22 Minutes,26,12,4225603,,You Keep on Knocking,2019-01-08,22,,,0.0,0,
episode,70,This Hour Has 22 Minutes,26,13,4225604,,Use Responsibly,2019-01-15,22,,,0.0,0,
episode,70,This Hour Has 22 Minutes,26,14,4225605,,What's Your Sign?,2019-01-22,22,,,0.0,0,
episode,70,This Hour Has 22 Minutes,26,15,4520639,,Temptation Island PEI,2019-01-29,22,,,0.0,0,
episode,70,This Hour Has 22 Minutes,26,16,4520644,,Welcome To Canada,2019-02-05,22,,,0.0,0,
episode,70,This Hour Has 22 Minutes,26,17,4520649,,Scheer Ambush,2019-02-19,22,,,0.0,0,
episode,70,This Hour Has 22 Minutes,26,18,4520651,,"Thank U, Next",2019-02-26,22,,,0.0,0,
episode,70,This Hour Has 22 Minutes,26,19,4520652,,Singh's Strategy,2019-03-05,22,,,0.0,0,
episode,70,This Hour Has 22 Minutes,26,20,4520653,,Border Bud,2019-03-12,22,,,0.0,0,
season,70,This Hour Has 22 Minutes,27,,70_S27,,Season 27,,,,,,,
episode,70,This Hour Has 22 Minutes,27,1,4225564,,Election Fever,2019-09-17,22,,,0.0,0,
episode,70,This Hour Has 22 Minutes,27,2,4225565,,Heating Up,2019-09-24,22,,,0.0,0,
episode,70,This Hour Has 22 Minutes,27,3,4225568,,How Dare You,2019-10-01,22,,,0.0,0,
episode,70,This Hour Has 22 Minutes,27,4,4225573,,Undecided Voter,2019-10-08,22,,,0.0,0,
episode,70,This Hour Has 22 Minutes,27,5,4225574,,Cut The Wire,2019-10-15,22,,,0.0,0,
episode,70,This Hour Has 22 Minutes,27,6,4225576,,The Results Are In,2019-10-22,22,,,0.0,0,
episode,70,This Hour Has 22 Minutes,27,7,4225577,,Follow The Leaders,2019-10-29,22,,,0.0,0,
episode,70,This Hour Has 22 Minutes,27,8,4225578,,Coup d'Etat,2019-11-05,22,,,0.0,0,
episode,70,This Hour Has 22 Minutes,27,9,4225579,,Back To Business,2019-11-12,22,,,0.0,0,
episode,70,This Hour Has 22 Minutes,27,10,4225580,,Hitting The Ice,2019-11-19,22,,,0.0,0,
episode,70,This Hour Has 22 Minutes,27,11,4225582,,Hindsight Is 20-19,2020-01-07,22,,,0.0,0,
episode,70,This Hour Has 22 Minutes,27,12,4225583,,Dry January,2020-01-14,22,,,0.0,0,
episode,70,This Hour Has 22 Minutes,27,13,4225584,,A Part of Our Heritage,2020-01-21,22,,,0.0,0,
episode,70,This Hour Has 22 Minutes,27,14,4225585,,Eastern Hospitality,2020-01-28,22,,,0.0,0,
episode,70,This Hour Has 22 Minutes,27,15,4225586,,Party Rules,2020-02-04,22,,,0.0,0,
episode,70,This Hour Has 22 Minutes,27,16,4225587,,Yes B'y,2020-02-11,22,,,0.0,0,
episode,70,This Hour Has 22 Minutes,27,17,4225588,,You Should Go To Emergency,2020-02-18,22,,,0.0,0,
episode,70,This Hour Has 22 Minutes,27,18,4225589,,Plategate,2020-02-25,22,,,0.0,0,
episode,70,This Hour Has 22 Minutes,27,19,4225590,,"Canada, The Board Game (Season Finale)",2020-03-03,22,,,0.0,0,
season,70,This Hour Has 22 Minutes,28,,70_S28,,Season 28,2020-10-06,,,,,,
season,70,This Hour Has 22 Minutes,29,,70_S29,,Season 29,2021-09-14,,,,,,
season,70,This Hour Has 22 Minutes,30,,70_S30,,Season 30,2022-09-13,,,,,,
season,70,This Hour Has 22 Minutes,31,,70_S31,,Season 31,2023-09-19,,,,,,
season,70,This Hour Has 22 Minutes,32,,70_S32,,Season 32,2024-09-17,,,,,,
episode,70,This Hour Has 22 Minutes,32,1,5589014,,WE’RE BAAACK,2024-09-17,22,,,0.0,0,
episode,70,This Hour Has 22 Minutes,32,2,5607158,,Every Day is Hump Day,2024-09-24,22,,,0.0,0,
episode,70,This Hour Has 22 Minutes,32,3,5607159,,Hijinx in The House,2024-10-01,22,,,0.0,0,
episode,70,This Hour Has 22 Minutes,32,4,5628108,,Talkin' Turkey,2024-10-08,22,,,0.0,0,
episode,70,This Hour Has 22 Minutes,32,5,5655929,,High Hopes,2024-10-22,22,,,0.0,0,
episode,70,This Hour Has 22 Minutes,32,6,5684963,,Monster Bash,2024-10-29,22,,,0.0,0,
episode,70,This Hour Has 22 Minutes,32,7,5716889,,This Hour has 22 Minutes has 44 Minutes - A U.S. Election Special,2024-11-04,44,,,0.0,0,
episode,70,This Hour Has 22 Minutes,32,8,5716890,,Booze Clues,2024-11-12,22,,,0.0,0,
episode,70,This Hour Has 22 Minutes,32,9,5732019,,Fight of the Century,2024-11-19,22,,,0.0,0,
episode,70,This Hour Has 22 Minutes,32,10,5748502,,Striking Out,2024-11-26,22,,,0.0,0,
episode,70,This Hour Has 22 Minutes,32,11,5804157,,Vocal Fry Christmas,2024-12-03,22,,,0.0,0,
episode,70,This Hour Has 22 Minutes,32,12,5816763,,This Hour Has 22 Minutes Has 44 Minutes - A NYE Pregame Special,2024-12-31,44,,,0.0,0,
episode,70,This Hour Has 22 Minutes,32,13,5885300,,Downfall,2025-01-07,22,,,0.0,0,
episode,70,This Hour Has 22 Minutes,32,14,5899181,,Risk!,2025-01-14,22,,,0.0,0,
episode,70,This Hour Has 22 Minutes,32,15,5899182,,Chrystia's Time,2025-01-21,22,,,0.0,0,
episode,70,This Hour Has 22 Minutes,32,16,5929322,,Trade War,2025-01-28,22,,,0.0,0,
episode,70,This Hour Has 22 Minutes,32,17,5929323,,Tarrifying,2025-02-04,22,,,0.0,0,
episode,70,This Hour Has 22 Minutes,32,18,5962697,,Border Crisis?,2025-02-11,22,,,0.0,0,
episode,70,This Hour Has 22 Minutes,32,19,5973198,,Going Viral (Compilation Episode),2025-02-18,22,,,0.0,0,
episode,70,This Hour Has 22 Minutes,32,20,5975680,,Which Way Is Up?,2025-02-25,22,,,0.0,0,
episode,70,This Hour Has 22 Minutes,32,21,5991698,,Oval Office Showdown,2025-03-04,22,,,0.0,0,
episode,70,This Hour Has 22 Minutes,32,22,6005964,,Elbows Up,2025-03-11,22,,,0.0,0,
episode,70,This Hour Has 22 Minutes,32,23,6073077,,A Message from the King,2025-03-25,22,,,0.0,0,
episode,70,This Hour Has 22 Minutes,32,24,6073078,,Canadienne!,2025-04-01,22,,,0.0,0,
episode,70,This Hour Has 22 Minutes,32,25,6085610,,Liberation Day,2025-04-08,22,,,0.0,0,
episode,70,This Hour Has 22 Minutes,32,26,6139708,,Electile Dysfunction,2025-04-15,22,,,0.0,0,
episode,70,This Hour Has 22 Minutes,32,27,6181426,,Vote Canadian: 22 Minutes Election Special,2025-04-26,44,,,0.0,0,
show,211288,Tracker,,,211288,,Tracker,2024-02-11,,Returning Series,Drama|Crime,7.5,209,20.452
season,211288,Tracker,1,,211288_S1,,Season 1,2024-02-11,,,,,,
season,211288,Tracker,2,,211288_S2,,Season 2,2024-10-13,,,,,,
season,211288,Tracker,3,,211288_S3,,Season 3,2025-10-19,,,,,,
episode,211288,Tracker,3,1,6390335,,The Process,2025-10-19,,,,0.0,0,
episode,211288,Tracker,3,2,6480723,,Leverage,2025-10-26,,,,0.0,0,
show,117488,Yellowjackets,,,117488,,Yellowjackets,2021-11-14,,Returning Series,Drama|Mystery,7.5,855,9.836
season,117488,Yellowjackets,0,,117488_S0,,Specials,2022-07-19,,,,,,
season,117488,Yellowjackets,1,,117488_S1,,Season 1,2021-11-14,,,,,,
season,117488,Yellowjackets,2,,117488_S2,,Season 2,2023-03-26,,,,,,
season,117488,Yellowjackets,3,,117488_S3,,Season 3,2025-02-16,,,,,,
season,117488,Yellowjackets,4,,117488_S4,,Season 4,,,,,,,
