show_id,show_name,season_number,name,air_date,episode_count,season_poster_url
125935,Abbott Elementary,1,Season 1,2021-12-07,13,https://image.tmdb.org/t/p/w342/AsaunUQLjC4tnRVALu0D4jtzwFy.jpg
125935,Abbott Elementary,2,Season 2,2022-09-21,22,https://image.tmdb.org/t/p/w342/nkktkKeIfzuQfuS6f2hXenoTtJz.jpg
125935,Abbott Elementary,3,Season 3,2024-02-07,13,https://image.tmdb.org/t/p/w342/11l2yxOAI1XHD9vTq6AAUJ5eW0g.jpg
125935,Abbott Elementary,4,Season 4,2024-10-09,22,https://image.tmdb.org/t/p/w342/vYZKmKdxqc1Gj94vLevYAvAcBIB.jpg
125935,Abbott Elementary,5,Season 5,2025-10-01,2,
157239,Alien: Earth,1,Season 1,2025-08-12,8,https://image.tmdb.org/t/p/w342/BlztDCnoRQ31dDxsxa9EY2xdz3.jpg
94038,Canada's Drag Race,0,Specials,2020-05-14,6,https://image.tmdb.org/t/p/w342/8EjTeNQbKOfLl3kaKRlyx8VcB9o.jpg
94038,Canada's Drag Race,1,Season 1,2020-07-01,10,https://image.tmdb.org/t/p/w342/6xw892pAFUs0xdQY3wYFcKcXilS.jpg
94038,Canada's Drag Race,2,Season 2,2021-10-14,10,https://image.tmdb.org/t/p/w342/dBfHSMJXjLHsMdxK9C3xgOgbCwm.jpg
94038,Canada's Drag Race,3,Season 3,2022-07-14,9,https://image.tmdb.org/t/p/w342/dP4Z0D32XAbQ5YORSE7k5a79AfG.jpg
94038,Canada's Drag Race,4,Season 4,2023-11-16,9,https://image.tmdb.org/t/p/w342/39zGuG2Tym4bqIvmxcIg6A0herS.jpg
94038,Canada's Drag Race,5,Season 5,2024-11-21,9,https://image.tmdb.org/t/p/w342/bTSVutatNt7AIhUS6v4VPEIsQTX.jpg
203734,Canada's Drag Race: Canada vs The World,0,Specials,2022-10-17,2,
203734,Canada's Drag Race: Canada vs The World,1,Season 1,2022-11-18,6,https://image.tmdb.org/t/p/w342/2WXnJ6FWbMy7aQIiZRwxlui74rS.jpg
203734,Canada's Drag Race: Canada vs The World,2,Season 2,2024-07-19,6,https://image.tmdb.org/t/p/w342/kDCIvmexeNW0fQVQtLVKfzFTT0y.jpg
1419,Castle,1,Season 1,2009-03-09,10,https://image.tmdb.org/t/p/w342/9OE42PKojV7IueBxAAhbQbyfc6L.jpg
1419,Castle,2,Season 2,2009-09-21,24,https://image.tmdb.org/t/p/w342/xA3s9Ti1p2kfoW9GBUXeZ2U6NE8.jpg
1419,Castle,3,Season 3,2010-09-20,24,https://image.tmdb.org/t/p/w342/d5IgnFWM6r3K8N2S8SROdUZwpsE.jpg
1419,Castle,4,Season 4,2011-09-19,23,https://image.tmdb.org/t/p/w342/1A0iHY52nytMmcbAY2aLmAvRYz1.jpg
1419,Castle,5,Season 5,2012-09-24,24,https://image.tmdb.org/t/p/w342/xKcKk1lkagwIOC4ygfeQhCECdFh.jpg
1419,Castle,6,Season 6,2013-09-23,23,https://image.tmdb.org/t/p/w342/ccJOoVJQt3Cny1vchKmPtopa4SA.jpg
1419,Castle,7,Season 7,2014-09-29,23,https://image.tmdb.org/t/p/w342/fLVi4LHqAcwGALlrLbVsqRHLOj3.jpg
1419,Castle,8,Season 8,2015-09-21,22,https://image.tmdb.org/t/p/w342/4kBBvhlXb60ggaEEBiL7pURcFga.jpg
4057,Criminal Minds,1,Season 1,2005-09-22,22,https://image.tmdb.org/t/p/w342/7igSTed2htAIEXAMuUJSrk05ERV.jpg
4057,Criminal Minds,2,Season 2,2006-09-20,23,https://image.tmdb.org/t/p/w342/5RkngSb1jo4DpFfTkxCdFGZtubO.jpg
4057,Criminal Minds,3,Season 3,2007-09-26,20,https://image.tmdb.org/t/p/w342/iAMSBqbzn6sL1n2b5KM1INlBqko.jpg
4057,Criminal Minds,4,Season 4,2008-09-24,26,https://image.tmdb.org/t/p/w342/yNZ2AJpahtcAytB5IYdLpRmiDsZ.jpg
4057,Criminal Minds,5,Season 5,2009-09-23,23,https://image.tmdb.org/t/p/w342/uq4zzJkJ3kGEdd2SoFoN4k8tkGl.jpg
4057,Criminal Minds,6,Season 6,2010-09-22,24,https://image.tmdb.org/t/p/w342/6vcbxnn5BDR1bxNUVByEShFNpNf.jpg
4057,Criminal Minds,7,Season 7,2011-09-21,24,https://image.tmdb.org/t/p/w342/3F83aqGQA8gliWPAR4pmS8UUcOJ.jpg
4057,Criminal Minds,8,Season 8,2012-09-26,24,https://image.tmdb.org/t/p/w342/x3iTTaUnnIs2sRmKW1l61LOvwLm.jpg
4057,Criminal Minds,9,Season 9,2013-09-25,24,https://image.tmdb.org/t/p/w342/dNL2tC2EDphFRV5nk0GfpvHXdP2.jpg
4057,Criminal Minds,10,Season 10,2014-10-01,23,https://image.tmdb.org/t/p/w342/4lGrSVKoCaSd3rj0ObErw9aZMhZ.jpg
4057,Criminal Minds,11,Season 11,2015-09-30,22,https://image.tmdb.org/t/p/w342/kKnmgCQCAiqnueSYeAtdhxRipAF.jpg
4057,Criminal Minds,12,Season 12,2016-09-28,22,https://image.tmdb.org/t/p/w342/AkPJTmMLMt9mYjDbU3cXRtVHXUC.jpg
4057,Criminal Minds,13,Season 13,2017-09-27,22,https://image.tmdb.org/t/p/w342/mf7o44gtDHZvbVWzvxxflCYFcKX.jpg
4057,Criminal Minds,14,Season 14,2018-10-03,15,https://image.tmdb.org/t/p/w342/sHcR0u81jydfWPCBjWLVk82llAT.jpg
4057,Criminal Minds,15,Season 15,2020-01-08,10,https://image.tmdb.org/t/p/w342/8GOVxAbq2cPd0rknDnFqODQNccs.jpg
4057,Criminal Minds,16,Season 16: Evolution,2022-11-24,10,https://image.tmdb.org/t/p/w342/4R3NdjNPfA2RTIrFnvFmoP4KGZQ.jpg
4057,Criminal Minds,17,Season 17: Evolution Season 2,2024-06-06,10,https://image.tmdb.org/t/p/w342/8d8qAa4Gt5Rmx0efTB9hNtPh8j3.jpg
4057,Criminal Minds,18,Season 18: Evolution Season 3,2025-05-08,10,https://image.tmdb.org/t/p/w342/gigxjNnACiXAfrwoMox5WJFgc0I.jpg
1431,CSI: Crime Scene Investigation,0,Specials,2015-09-27,1,https://image.tmdb.org/t/p/w342/eFPCsMA9Pt82LNAShPnWSg8Un0.jpg
1431,CSI: Crime Scene Investigation,1,Season 1,2000-10-06,23,https://image.tmdb.org/t/p/w342/4476Frhzun0BilSwZFgiQ6Nkrb8.jpg
1431,CSI: Crime Scene Investigation,2,Season 2,2001-09-27,23,https://image.tmdb.org/t/p/w342/vPNwbSgfIrTsKbRPElYQ5OdDSOv.jpg
1431,CSI: Crime Scene Investigation,3,Season 3,2002-09-25,23,https://image.tmdb.org/t/p/w342/t7A6CvGB4zElX8DKv7srwFVQUBo.jpg
1431,CSI: Crime Scene Investigation,4,Season 4,2003-09-24,23,https://image.tmdb.org/t/p/w342/b5ya3S8ErtamIWvNORnf1BFA3Dz.jpg
1431,CSI: Crime Scene Investigation,5,Season 5,2004-09-23,25,https://image.tmdb.org/t/p/w342/d9zBALX3L8f347LKB64KWBL5Fwx.jpg
1431,CSI: Crime Scene Investigation,6,Season 6,2005-09-22,24,https://image.tmdb.org/t/p/w342/iQVrouWJHrrY4CXDIJBj1skMix3.jpg
1431,CSI: Crime Scene Investigation,7,Season 7,2006-09-21,24,https://image.tmdb.org/t/p/w342/6IHQ6w0vaDOhXciwXYLlavnwB9d.jpg
1431,CSI: Crime Scene Investigation,8,Season 8,2007-09-27,17,https://image.tmdb.org/t/p/w342/fRIDRonYf5twnnIhmGXIuEQHV6h.jpg
1431,CSI: Crime Scene Investigation,9,Season 9,2008-10-09,24,https://image.tmdb.org/t/p/w342/zzh7ejjQ3t56IGmdMekrPO4PmHU.jpg
1431,CSI: Crime Scene Investigation,10,Season 10,2009-09-24,23,https://image.tmdb.org/t/p/w342/b18YZzXdiTtsMJP0OosYSwHV9Pc.jpg
1431,CSI: Crime Scene Investigation,11,Season 11,2010-09-23,22,https://image.tmdb.org/t/p/w342/o5aqgaVdaqx9MnwKvMBvBtYZd9c.jpg
1431,CSI: Crime Scene Investigation,12,Season 12,2011-09-21,22,https://image.tmdb.org/t/p/w342/sgSRAvaCmEHPNFKddlzVtBHOavq.jpg
1431,CSI: Crime Scene Investigation,13,Season 13,2012-09-26,22,https://image.tmdb.org/t/p/w342/8xg1EYYN7owHAzUubyMRY2O4V6U.jpg
1431,CSI: Crime Scene Investigation,14,Season 14,2013-09-25,22,https://image.tmdb.org/t/p/w342/qNa0GND7eCX1UVRTpyv3Bvd1EZ9.jpg
1431,CSI: Crime Scene Investigation,15,Season 15,2014-09-28,18,https://image.tmdb.org/t/p/w342/uQeaYhBz9jnMaDgM0sZXv5HTbTG.jpg
1405,Dexter,0,Specials,2009-10-25,42,https://image.tmdb.org/t/p/w342/Ast1fRXfgqMPskoKVEQYPlCNA3w.jpg
1405,Dexter,1,Season 1,2006-10-01,12,https://image.tmdb.org/t/p/w342/rmhoMEHK3ZP2EAXX2VpxuKpW3Bf.jpg
1405,Dexter,2,Season 2,2007-09-30,12,https://image.tmdb.org/t/p/w342/t8o6P0pTsnfgsUo6AXSuaiw9fgG.jpg
1405,Dexter,3,Season 3,2008-09-28,12,https://image.tmdb.org/t/p/w342/8zyoh0AtArOyTq0F2USckRGzZEU.jpg
1405,Dexter,4,Season 4,2009-09-27,12,https://image.tmdb.org/t/p/w342/1Oh0QmXVTnyV9QqpDcEpvxtKYFw.jpg
1405,Dexter,5,Season 5,2010-09-26,12,https://image.tmdb.org/t/p/w342/sKDHRvdaHfhiYzCFCXQoo1TuHhb.jpg
1405,Dexter,6,Season 6,2011-10-02,12,https://image.tmdb.org/t/p/w342/yxylCqF28NttybWJvQtHztTdDKr.jpg
1405,Dexter,7,Season 7,2012-09-30,12,https://image.tmdb.org/t/p/w342/lM4EY2L324exlZ1hF2YpBM0a97J.jpg
1405,Dexter,8,Season 8,2013-06-30,12,https://image.tmdb.org/t/p/w342/q8dWfc4JwQuv3HayIZeO84jAXED.jpg
131927,Dexter: New Blood,1,Season 1,2021-11-07,10,https://image.tmdb.org/t/p/w342/onnYrRDxvfEAjeXHxq1BoyUF419.jpg
219937,Dexter: Original Sin,1,Season 1,2024-12-14,10,https://image.tmdb.org/t/p/w342/bdWD2QHLISAQFR47Mdtpn3MwnGi.jpg
259909,Dexter: Resurrection,1,Season 1,2025-07-13,10,https://image.tmdb.org/t/p/w342/hRD9kvYLbySRvtt9Nh7QK6XECZX.jpg
57243,Doctor Who,0,Specials,2005-11-18,199,https://image.tmdb.org/t/p/w342/oKUI2vCVGpakvfZJ4GmEZC8AvRX.jpg
57243,Doctor Who,1,Series 1,2005-03-26,13,https://image.tmdb.org/t/p/w342/9Jt2FFCAME7eHDC28r4qCHErhhF.jpg
57243,Doctor Who,2,Series 2,2006-04-15,13,https://image.tmdb.org/t/p/w342/oXVmsIkZCgJDNcZJJxzvV7zwyb1.jpg
57243,Doctor Who,3,Series 3,2007-04-01,13,https://image.tmdb.org/t/p/w342/67xbjSv353G2rqQIs6dnDKc6P11.jpg
57243,Doctor Who,4,Series 4,2008-04-05,13,https://image.tmdb.org/t/p/w342/h6hogh9U371q87XLhvrJbczg8lm.jpg
57243,Doctor Who,5,Series 5,2010-04-03,13,https://image.tmdb.org/t/p/w342/hUsQerEeMqsu9cVYzMEB2OGJjrw.jpg
57243,Doctor Who,6,Series 6,2011-04-23,13,https://image.tmdb.org/t/p/w342/xmfMcVkVer5r33QhA4e2DpIR78B.jpg
57243,Doctor Who,7,Series 7,2012-09-01,13,https://image.tmdb.org/t/p/w342/6biGcR0OyFnKRxxUW7bGtK49wTd.jpg
57243,Doctor Who,8,Series 8,2014-08-23,12,https://image.tmdb.org/t/p/w342/wLxULmhnIM1wbzjzvFnEq8YXtFB.jpg
57243,Doctor Who,9,Series 9,2015-09-19,12,https://image.tmdb.org/t/p/w342/AeFY6HsLGcanP2fhD6Feii9BhHW.jpg
57243,Doctor Who,10,Series 10,2017-04-15,12,https://image.tmdb.org/t/p/w342/9ExkVNeQw695kQ8xsnm2TJhTEFP.jpg
57243,Doctor Who,11,Series 11,2018-10-07,10,https://image.tmdb.org/t/p/w342/tFu6Or2wZP8xW5CBUy3MROtcF29.jpg
57243,Doctor Who,12,Series 12,2020-01-01,10,https://image.tmdb.org/t/p/w342/cDDb7WA2i7cENhkEEjXEDrXGyNL.jpg
57243,Doctor Who,13,Flux,2021-10-31,6,https://image.tmdb.org/t/p/w342/hnAwYE6NvC4UVdMRPd7FOX52PQy.jpg
80748,FBI,1,Season 1,2018-09-24,22,https://image.tmdb.org/t/p/w342/uJZUfoGqtiuGfGXtVgYqIafZ1Ii.jpg
80748,FBI,2,Season 2,2019-09-23,19,https://image.tmdb.org/t/p/w342/g2BK0uwB25o35giSpFHfqRXE4Bp.jpg
80748,FBI,3,Season 3,2020-11-16,15,https://image.tmdb.org/t/p/w342/7aWmC7BjwBFgIKA77VqrXyRPicJ.jpg
80748,FBI,4,Season 4,2021-09-20,21,https://image.tmdb.org/t/p/w342/cGLQRv3MLWGrHMhRGn1zsSa9n2i.jpg
80748,FBI,5,Season 5,2022-09-20,23,https://image.tmdb.org/t/p/w342/lFTHqAw2lHisXGB0bcoyEvKRYad.jpg
80748,FBI,6,Season 6,2024-02-13,13,https://image.tmdb.org/t/p/w342/tBDxVLHCsiA3fp9D2eWrq8QImEC.jpg
80748,FBI,7,Season 7,2024-10-15,22,https://image.tmdb.org/t/p/w342/bircXcCsvP2DUximyQUOn5p2s4.jpg
80748,FBI,8,Season 8,2025-10-13,2,
121658,FBI: International,1,Season 1,2021-09-20,21,https://image.tmdb.org/t/p/w342/aAJsTMDPuGITCq0CC1JqfXjIDam.jpg
121658,FBI: International,2,Season 2,2022-09-19,22,https://image.tmdb.org/t/p/w342/o8udJ5s6lHbP6B22Eu4R9WwsDpL.jpg
121658,FBI: International,3,Season 3,2024-02-13,13,https://image.tmdb.org/t/p/w342/smHB9FDqxdJePYwE2aUyIkrNdcA.jpg
121658,FBI: International,4,Season 4,2024-10-14,22,https://image.tmdb.org/t/p/w342/zRLTK78fOZc5Wfsc4YAjPnPdzch.jpg
94372,FBI: Most Wanted,1,Season 1,2020-01-06,14,https://image.tmdb.org/t/p/w342/uhwzWXHZnhIS9rqO4OQd1bZlZAQ.jpg
94372,FBI: Most Wanted,2,Season 2,2020-11-16,15,https://image.tmdb.org/t/p/w342/o22CG78OSDzW7KpgLugjXTrRXTz.jpg
94372,FBI: Most Wanted,3,Season 3,2021-09-20,22,https://image.tmdb.org/t/p/w342/3Yyxq2X4ZwUpdwgMvarTuEc87fi.jpg
94372,FBI: Most Wanted,4,Season 4,2022-09-19,22,https://image.tmdb.org/t/p/w342/vpprgWCuDJ4CucJhFB4fBHdX9D7.jpg
94372,FBI: Most Wanted,5,Season 5,2024-02-12,13,https://image.tmdb.org/t/p/w342/830PknG9zNF4Fc1Dc8FJs6TBnWv.jpg
94372,FBI: Most Wanted,6,Season 6,2024-10-15,22,https://image.tmdb.org/t/p/w342/uwTNBqFrEur3EtK8ofWbtGXMQOP.jpg
124364,FROM,1,Season 1,2022-02-20,10,https://image.tmdb.org/t/p/w342/ps46NdLlH70ptDD8ailTL8TCZU3.jpg
124364,FROM,2,Season 2,2023-04-23,10,https://image.tmdb.org/t/p/w342/1JdjopyVdtT8ZcGLfQtqTF2DEx4.jpg
124364,FROM,3,Season 3,2024-09-22,10,https://image.tmdb.org/t/p/w342/sj64QEEb6JM1CdCfXHaIbA3WPx8.jpg
124364,FROM,4,Season 4,,0,
1399,Game of Thrones,0,Specials,2010-12-05,286,https://image.tmdb.org/t/p/w342/aos6lC1JGYt6ZRL85lgstNsfSeY.jpg
1399,Game of Thrones,1,Season 1,2011-04-17,10,https://image.tmdb.org/t/p/w342/wgfKiqzuMrFIkU1M68DDDY8kGC1.jpg
1399,Game of Thrones,2,Season 2,2012-04-01,10,https://image.tmdb.org/t/p/w342/9xfNkPwDOqyeUvfNhs1XlWA0esP.jpg
1399,Game of Thrones,3,Season 3,2013-03-31,10,https://image.tmdb.org/t/p/w342/5MkZjRnCKiIGn3bkXrXfndEzqOU.jpg
1399,Game of Thrones,4,Season 4,2014-04-06,10,https://image.tmdb.org/t/p/w342/jXIMScXE4J4EVHUba1JgxZnWbo4.jpg
1399,Game of Thrones,5,Season 5,2015-04-12,10,https://image.tmdb.org/t/p/w342/7Q1Hy1AHxAzA2lsmzEMBvuWTX0x.jpg
1399,Game of Thrones,6,Season 6,2016-04-24,10,https://image.tmdb.org/t/p/w342/p1udLh0gfqyZFmXBGa393gk8go5.jpg
1399,Game of Thrones,7,Season 7,2017-07-16,7,https://image.tmdb.org/t/p/w342/oX51n32QyHeFP5kErksemJsJljL.jpg
1399,Game of Thrones,8,Season 8,2019-04-14,6,https://image.tmdb.org/t/p/w342/259Q5FuaD3TNB7DGauTaJVRC8XV.jpg
39416,Geordie Shore,0,Specials,2011-08-23,8,
39416,Geordie Shore,1,Season 1,2011-05-24,10,https://image.tmdb.org/t/p/w342/iXYsS6H5JKSN8EFiW7n6hfXWEWQ.jpg
39416,Geordie Shore,2,Season 2,2012-01-31,10,https://image.tmdb.org/t/p/w342/caJ86GRV3unr7XrZq9C39AI0NEF.jpg
39416,Geordie Shore,3,Season 3,2012-06-26,8,https://image.tmdb.org/t/p/w342/kUMXAYQ5PLXnMqRpf3isttSVSC.jpg
39416,Geordie Shore,4,Season 4,2012-11-06,8,https://image.tmdb.org/t/p/w342/7GVqu2kwpRDUo6wW3QQpXP4vBNV.jpg
39416,Geordie Shore,5,Season 5,2013-02-19,9,https://image.tmdb.org/t/p/w342/vyCaRPPh2VNPAEOmDJSTTCUIiXu.jpg
39416,Geordie Shore,6,Season 6,2013-07-09,8,https://image.tmdb.org/t/p/w342/lvXOjExXjFvcRusCGrlua6gS24H.jpg
39416,Geordie Shore,7,Season 7,2013-09-17,6,https://image.tmdb.org/t/p/w342/uh6ejv9sGrvPWDg0ZlUJfidwLjg.jpg
39416,Geordie Shore,8,Season 8,2014-07-22,8,https://image.tmdb.org/t/p/w342/lZ30EQ79CbuRU7zpl3g9Mv0Oalm.jpg
39416,Geordie Shore,9,Season 9,2014-10-28,8,https://image.tmdb.org/t/p/w342/utqb8Dh8Y4wKQ3boyK99ZSu2zK1.jpg
39416,Geordie Shore,10,Season 10,2015-04-07,8,https://image.tmdb.org/t/p/w342/f4KCrSajxVncj6Y8HoqzXPEjths.jpg
39416,Geordie Shore,11,Season 11,2015-10-20,10,https://image.tmdb.org/t/p/w342/cNWiNZhYK4Q7ifmx9EeitNXTCOG.jpg
39416,Geordie Shore,12,Season 12,2016-03-15,8,https://image.tmdb.org/t/p/w342/h7ZLdWT8Xbj6ae2UcmBst3cM1jW.jpg
39416,Geordie Shore,13,Season 13,2016-10-25,10,https://image.tmdb.org/t/p/w342/b9gUzamrSHbUQ06851ZA4Ez38aZ.jpg
39416,Geordie Shore,14,Season 14,2017-03-28,12,https://image.tmdb.org/t/p/w342/2cDnsp1ePiHsh1xt1mPrNi2MAi0.jpg
39416,Geordie Shore,15,Season 15,2017-08-29,9,https://image.tmdb.org/t/p/w342/YU49k8H6t02Ny4ZjyTSPiOmaX.jpg
39416,Geordie Shore,16,Season 16,2018-01-09,10,https://image.tmdb.org/t/p/w342/vpY9bbz9h6XOccAYulG1xkRlHP8.jpg
39416,Geordie Shore,17,Season 17,2018-05-15,12,https://image.tmdb.org/t/p/w342/zYfTcHl0ZnFGB44FXTqCAljhspz.jpg
39416,Geordie Shore,18,Season 18,2018-10-16,10,https://image.tmdb.org/t/p/w342/sU0yNp5YUOit4LsYPM2xhPUGdS9.jpg
39416,Geordie Shore,19,Season 19,2019-04-09,10,https://image.tmdb.org/t/p/w342/c2RZALcemtDhFcGin4xOdqX0p5h.jpg
39416,Geordie Shore,20,Season 20,2019-10-29,10,https://image.tmdb.org/t/p/w342/iFCPMnwCnXIMBoQKsNQ96MZyif8.jpg
39416,Geordie Shore,21,Season 21,2020-07-28,8,https://image.tmdb.org/t/p/w342/jv9GEmB4cElpTvLoPaCBmz5XCng.jpg
39416,Geordie Shore,22,Hot Single Summer,2021-10-04,10,https://image.tmdb.org/t/p/w342/bG3EudErhY4FmIu9uV8u0R2h2Xu.jpg
39416,Geordie Shore,23,The Reunion Series,2022-09-20,10,https://image.tmdb.org/t/p/w342/7iYqRrmU9bkhrgxzWfSev9O7XVe.jpg
39416,Geordie Shore,24,Season 24,2024-01-09,10,https://image.tmdb.org/t/p/w342/7lmy3PUQ030u6PvIFdScXy5p6hI.jpg
39416,Geordie Shore,25,Season 25,2025-01-07,10,https://image.tmdb.org/t/p/w342/wIejP20xVqiASjr9eKVzkj763PG.jpg
253896,Happy's Place,1,Season 1,2024-10-18,18,https://image.tmdb.org/t/p/w342/stOjdi0LW7VxOL32WG3HLbauy6L.jpg
253896,Happy's Place,2,Season 2,2025-11-07,2,
124834,Heartstopper,1,Season 1,2022-04-22,8,https://image.tmdb.org/t/p/w342/6WULLvLZYQX3xNfs5S9H6BVFdgD.jpg
124834,Heartstopper,2,Season 2,2023-08-03,8,https://image.tmdb.org/t/p/w342/p0AtD0ivSlHq2MHY6JFgyhNqAQY.jpg
124834,Heartstopper,3,Season 3,2024-10-03,8,https://image.tmdb.org/t/p/w342/fBbhBvFEVgVxWrBbOJDzDjcVXM4.jpg
226637,High Potential,1,Season 1,2024-09-17,13,https://image.tmdb.org/t/p/w342/ylTZ6bfmPrwUz01A0VpvluGFWsv.jpg
226637,High Potential,2,Season 2,2025-09-16,4,https://image.tmdb.org/t/p/w342/lMYflruVeOfnWiX4LwoQuOJNLHz.jpg
549,Law & Order,0,Specials,,7,https://image.tmdb.org/t/p/w342/vVUVEqs0KwplqHvv2GyCj2tpMSr.jpg
549,Law & Order,1,Season 1,1990-09-13,22,https://image.tmdb.org/t/p/w342/hGrkBU5p60zZj9bMByo9cegZfhl.jpg
549,Law & Order,2,Season 2,1991-09-16,22,https://image.tmdb.org/t/p/w342/nykyEGoMsVPnyrnoUL0g93YJPQZ.jpg
549,Law & Order,3,Season 3,1992-09-22,22,https://image.tmdb.org/t/p/w342/emKji2D1tLAJsFad84ENA4PufI5.jpg
549,Law & Order,4,Season 4,1993-09-15,22,https://image.tmdb.org/t/p/w342/fiSP98l9G7zjC0sBWwQ02Nmhpub.jpg
549,Law & Order,5,Season 5,1994-09-21,23,https://image.tmdb.org/t/p/w342/v8yqfobOp6jSDomgcOnotfsGM2i.jpg
549,Law & Order,6,Season 6,1995-09-20,23,https://image.tmdb.org/t/p/w342/5GaJYO3BXCUaHKXr9e7wC1IARwo.jpg
549,Law & Order,7,Season 7,1996-09-18,23,https://image.tmdb.org/t/p/w342/mEGBAiPkZcp4GgPv7CQmFhOEWrK.jpg
549,Law & Order,8,Season 8,1997-09-24,24,https://image.tmdb.org/t/p/w342/caieRmySO32CyyoPydhxGh7iN33.jpg
549,Law & Order,9,Season 9,1998-09-23,24,https://image.tmdb.org/t/p/w342/OuntFFHJqftivArTHjnFu1jSPM.jpg
549,Law & Order,10,Season 10,1999-09-22,24,https://image.tmdb.org/t/p/w342/fnYm6dcs1bmYvl3afnGxofsVgyw.jpg
549,Law & Order,11,Season 11,2000-10-17,24,https://image.tmdb.org/t/p/w342/u5MyTy53EWtnsMQewECGfNDywme.jpg
549,Law & Order,12,Season 12,2001-09-25,24,https://image.tmdb.org/t/p/w342/xAazzYBfFquWWqes5dozpQ0x4jW.jpg
549,Law & Order,13,Season 13,2002-10-01,24,https://image.tmdb.org/t/p/w342/2DzgIJzKVY9OfYxRMJjJLIZRhfi.jpg
549,Law & Order,14,Season 14,2003-09-23,24,https://image.tmdb.org/t/p/w342/26ByCQKroHuBs7ZgbkwHTsHvU77.jpg
549,Law & Order,15,Season 15,2004-09-21,24,https://image.tmdb.org/t/p/w342/z07aBZ5euhdhl0hyzWhwU1mGsrN.jpg
549,Law & Order,16,Season 16,2005-09-20,22,https://image.tmdb.org/t/p/w342/vo1hHZ1Bpt7XOYDqab7rqw5VTZL.jpg
549,Law & Order,17,Season 17,2006-09-21,22,https://image.tmdb.org/t/p/w342/zjSZrjqz9f3n6XoPYpaIgzwDQT3.jpg
549,Law & Order,18,Season 18,2008-01-01,18,https://image.tmdb.org/t/p/w342/q0nVi8xzk7DHpeFnQ678f8asYxC.jpg
549,Law & Order,19,Season 19,2008-11-04,22,https://image.tmdb.org/t/p/w342/fIIoj3EzsHcgF9Yd0ISWKinmLX8.jpg
549,Law & Order,20,Season 20,2009-09-24,23,https://image.tmdb.org/t/p/w342/yoISWagCsb16Hnoi16Ot1nur2FV.jpg
549,Law & Order,21,Season 21,2022-02-23,10,https://image.tmdb.org/t/p/w342/l7qr5Q5iJXeja9iDmdXagoUZ0Vm.jpg
549,Law & Order,22,Season 22,2022-09-22,22,https://image.tmdb.org/t/p/w342/77OPlbsvX3pzoFbyfpcE3GXMCod.jpg
549,Law & Order,23,Season 23,2024-01-17,13,https://image.tmdb.org/t/p/w342/m9zTQr4TYS98UFSiA1k0mMfECPe.jpg
549,Law & Order,24,Season 24,2024-10-03,22,https://image.tmdb.org/t/p/w342/6vFL8S6Cci8s7SHWXz60xOisGBC.jpg
549,Law & Order,25,Season 25,2025-09-25,1,
90,Mayday,0,Specials,2004-06-26,59,https://image.tmdb.org/t/p/w342/bGc6mW2FjKmNVhYb9KF2HKQ1vGf.jpg
90,Mayday,1,Season 1,2003-09-03,6,https://image.tmdb.org/t/p/w342/oF4Z7159vBpSPglhETeKP6R41lL.jpg
90,Mayday,2,Season 2,2005-01-23,6,https://image.tmdb.org/t/p/w342/x4AdQgmt04QHcYhAfZ55i1WViBb.jpg
90,Mayday,3,Season 3,2005-09-14,13,https://image.tmdb.org/t/p/w342/2xPqKfDRVlg2WsOPycmEGZiXnOC.jpg
90,Mayday,4,Season 4,2007-04-15,10,https://image.tmdb.org/t/p/w342/jVecrv1JengYGW6cn8C06hMVymR.jpg
90,Mayday,5,Season 5,2008-04-09,10,https://image.tmdb.org/t/p/w342/A9aBuBAcddz5Zdl8gBSGTtvkYq1.jpg
90,Mayday,6,Season 6,2007-12-16,3,https://image.tmdb.org/t/p/w342/4NV9F8xIBsp1zC577FYuTlO58MD.jpg
90,Mayday,7,Season 7,2009-11-04,8,https://image.tmdb.org/t/p/w342/4jcb73bLhuzVDtypz4Gz4Bf895f.jpg
90,Mayday,8,Season 8,2009-06-10,2,https://image.tmdb.org/t/p/w342/3DBuW5Ak7yfdvxQZwQFvSmCz1cS.jpg
90,Mayday,9,Season 9,2010-09-08,8,https://image.tmdb.org/t/p/w342/tLRNEYQQdGjgDjWAyzju3CjeOBh.jpg
90,Mayday,10,Season 10,2011-02-28,6,https://image.tmdb.org/t/p/w342/1s1zGhEcrLs4fq2smVaUxymPas8.jpg
90,Mayday,11,Season 11,2011-08-12,13,https://image.tmdb.org/t/p/w342/kVwTr7GOY1KBjcJJTYFwciRmrsE.jpg
90,Mayday,12,Season 12,2012-08-03,13,https://image.tmdb.org/t/p/w342/fiFxbhv3jgik8nbptlf9yVNSYmg.jpg
90,Mayday,13,Season 13,2013-12-16,10,https://image.tmdb.org/t/p/w342/1aR5lIS1IPrE1VlnhPiaUenMJGR.jpg
90,Mayday,14,Season 14,2015-01-05,11,https://image.tmdb.org/t/p/w342/wfxI5mzChiy0DZoP78QlumwF02l.jpg
90,Mayday,15,Season 15,2016-01-02,10,https://image.tmdb.org/t/p/w342/j5KMJCfjkOnfms9unnfji9CnHsT.jpg
90,Mayday,16,Season 16,2016-06-07,10,https://image.tmdb.org/t/p/w342/rD84j6VpLpbNJXqqwcIYYEIlDB5.jpg
90,Mayday,17,Season 17,2017-02-20,10,https://image.tmdb.org/t/p/w342/pf83ig0lJofd9rdRPjQnMqbiDGV.jpg
90,Mayday,18,Season 18,2018-02-13,10,https://image.tmdb.org/t/p/w342/x5TwzsZhWKRSPE5qlZnBXo6FUjF.jpg
90,Mayday,19,Season 19,2019-01-02,10,https://image.tmdb.org/t/p/w342/hySuBQWEGDwn84jlQTjMdy6Tnx.jpg
90,Mayday,20,Season 20,2020-01-09,10,https://image.tmdb.org/t/p/w342/k4IEN0ycqBzkT6WvJtyjDdIiofJ.jpg
90,Mayday,21,Season 21,2021-04-04,10,https://image.tmdb.org/t/p/w342/szgzRP2iOo45mN3mriE2UEoklAs.jpg
90,Mayday,22,Season 22,2022-01-10,10,https://image.tmdb.org/t/p/w342/8lZQCLxeb8PoFw0N2vKiZayHT5w.jpg
90,Mayday,23,Season 23,2023-02-13,10,https://image.tmdb.org/t/p/w342/jzoQKf9WWqwMK4CscDcRXQOEFNz.jpg
90,Mayday,24,Season 24,2024-02-18,10,https://image.tmdb.org/t/p/w342/9UzyP0SuiNJ93KfIZQbMpc38InU.jpg
90,Mayday,25,Season 25,2025-02-03,11,https://image.tmdb.org/t/p/w342/swenXyByfVdSv6uOUOZesHGeDGf.jpg
249023,North of North,1,Season 1,2025-01-07,8,https://image.tmdb.org/t/p/w342/yAtcsq5ciJ6TBfGzM0b6BzVCaPA.jpg
249023,North of North,2,Season 2,,0,
246381,Prime Target,1,Season 1,2025-01-22,8,https://image.tmdb.org/t/p/w342/hHzrYFAEDuno5oETqDtukwGbZJw.jpg
8514,RuPaul's Drag Race,0,Specials,2011-11-13,39,https://image.tmdb.org/t/p/w342/2Gi31HSneDVeKF0Ot0mANWms6Kv.jpg
8514,RuPaul's Drag Race,1,Season 1,2009-02-02,9,https://image.tmdb.org/t/p/w342/cGDMm6qIujyvADyYDsbTtaRWJv.jpg
8514,RuPaul's Drag Race,2,Season 2,2010-02-01,12,https://image.tmdb.org/t/p/w342/ejy05NVupvoOm1YaaqJCK0TGVX8.jpg
8514,RuPaul's Drag Race,3,Season 3,2011-01-24,16,https://image.tmdb.org/t/p/w342/skuRDaRlOwVQhkfpVD0EJVaIPbK.jpg
8514,RuPaul's Drag Race,4,Season 4,2012-01-30,14,https://image.tmdb.org/t/p/w342/tE1NWQMBiUdl7EjvMRYxNXHg1G.jpg
8514,RuPaul's Drag Race,5,Season 5,2013-01-28,14,https://image.tmdb.org/t/p/w342/mRiKVOY6NMZlvxSTcYbarO7MJR8.jpg
8514,RuPaul's Drag Race,6,Season 6,2014-02-24,14,https://image.tmdb.org/t/p/w342/u8fN42R2sgxRGqNyBFj17GO3Hxa.jpg
8514,RuPaul's Drag Race,7,Season 7,2015-03-02,14,https://image.tmdb.org/t/p/w342/45OSv4nvaGliItfODO9JTMCtnRO.jpg
8514,RuPaul's Drag Race,8,Season 8,2016-03-07,10,https://image.tmdb.org/t/p/w342/ntBL9REggTUwg8m5lNLx4Pg4L3E.jpg
8514,RuPaul's Drag Race,9,Season 9,2017-03-24,14,https://image.tmdb.org/t/p/w342/sB5rCEjGDzKCcMRM1a3MhS9jL74.jpg
8514,RuPaul's Drag Race,10,Season 10,2018-03-22,14,https://image.tmdb.org/t/p/w342/aysMLBFqnOM6iL7HdCXwGdpR9Mi.jpg
8514,RuPaul's Drag Race,11,Season 11,2019-02-28,14,https://image.tmdb.org/t/p/w342/nuk2vcqVcuT0MDnBb1UkTjzYAjg.jpg
8514,RuPaul's Drag Race,12,Season 12,2020-02-28,14,https://image.tmdb.org/t/p/w342/e3Y1jNEJvqHcSNKI6iqO9DStPXm.jpg
8514,RuPaul's Drag Race,13,Season 13,2021-01-01,16,https://image.tmdb.org/t/p/w342/1a7nBLw0ajBkDHGUx9sV8AMDVqc.jpg
8514,RuPaul's Drag Race,14,Season 14,2022-01-07,16,https://image.tmdb.org/t/p/w342/dY2GdZfx71CaOj7HeW2nFg4akPF.jpg
8514,RuPaul's Drag Race,15,Season 15,2023-01-06,16,https://image.tmdb.org/t/p/w342/rM31D4ecYfpqUZ6s0o6yoxwK5UG.jpg
8514,RuPaul's Drag Race,16,Season 16,2024-01-05,16,https://image.tmdb.org/t/p/w342/6LThfVcGWSLswQaQh2vvk1Q2IoH.jpg
8514,RuPaul's Drag Race,17,Season 17,2025-01-03,16,https://image.tmdb.org/t/p/w342/zSuuQuxB3Xllbahy6krViT8BLqw.jpg
8514,RuPaul's Drag Race,18,Season 18,,0,
67482,RuPaul's Drag Race All Stars,1,Season 1,2012-10-22,6,https://image.tmdb.org/t/p/w342/e7tjaCIsjPCzWXVkffEJloG8vSV.jpg
67482,RuPaul's Drag Race All Stars,2,Season 2,2016-08-25,9,https://image.tmdb.org/t/p/w342/kLOx9cUOwWAW73c9nD9H94LpQeI.jpg
67482,RuPaul's Drag Race All Stars,3,Season 3,2018-01-25,8,https://image.tmdb.org/t/p/w342/7vYA8aXFSP464lUndbPzvfJ8QjW.jpg
67482,RuPaul's Drag Race All Stars,4,Season 4,2018-12-14,10,https://image.tmdb.org/t/p/w342/nWTpsAEPHRkh5Kt8z7DMylbs04O.jpg
67482,RuPaul's Drag Race All Stars,5,Season 5,2020-06-05,8,https://image.tmdb.org/t/p/w342/dJcpW1Ilouv2bwSdWogDxgooK8j.jpg
67482,RuPaul's Drag Race All Stars,6,Season 6,2021-06-24,12,https://image.tmdb.org/t/p/w342/nQ6MjgKPujYPRQkwP7KoZe349GC.jpg
67482,RuPaul's Drag Race All Stars,7,Season 7,2022-05-20,12,https://image.tmdb.org/t/p/w342/eb1lTZUydEr4OIy624NrfXmTtvB.jpg
67482,RuPaul's Drag Race All Stars,8,Season 8,2023-05-12,12,https://image.tmdb.org/t/p/w342/zhG7A3KIJgCr8JNZQQvzmEiidzt.jpg
67482,RuPaul's Drag Race All Stars,9,Season 9,2024-05-17,12,https://image.tmdb.org/t/p/w342/h2eHSwM1wfZsCWn4Zv3esvwBJ3U.jpg
67482,RuPaul's Drag Race All Stars,10,Season 10,2025-05-08,12,https://image.tmdb.org/t/p/w342/KMN9xeNSrViVz78XoO3FHd9N08.jpg
67564,RuPaul's Drag Race All Stars: UNTUCKED,1,Season 1,2012-10-23,6,https://image.tmdb.org/t/p/w342/1r49l1Wk8hqZVOxzGx87lfZNvEV.jpg
67564,RuPaul's Drag Race All Stars: UNTUCKED,2,Season 2,2020-06-05,8,https://image.tmdb.org/t/p/w342/kiWCYn6Uuhcf0YpP2JRXH9CTai6.jpg
67564,RuPaul's Drag Race All Stars: UNTUCKED,3,Season 3,2021-06-24,12,https://image.tmdb.org/t/p/w342/cZl4Bx7GlifYUema5qBqUpfrJJM.jpg
67564,RuPaul's Drag Race All Stars: UNTUCKED,4,Season 4,2022-05-20,12,https://image.tmdb.org/t/p/w342/tlOjdTndxslUXPTp2gdzsWlFb1P.jpg
67564,RuPaul's Drag Race All Stars: UNTUCKED,5,Season 5,2023-05-12,12,https://image.tmdb.org/t/p/w342/t3xTvkGxmscnccbeNbOQkREUzd3.jpg
67564,RuPaul's Drag Race All Stars: UNTUCKED,6,Season 6,2024-05-17,12,https://image.tmdb.org/t/p/w342/zUl6jP9W214XDKvm8dLXtKelTQz.jpg
67564,RuPaul's Drag Race All Stars: UNTUCKED,7,Season 7,2025-05-09,12,https://image.tmdb.org/t/p/w342/yaZav4zejCvrel7GIbWm90LXiiv.jpg
122692,RuPaul's Drag Race Down Under,0,Specials,2021-03-05,6,
122692,RuPaul's Drag Race Down Under,1,Season 1,2021-04-30,8,https://image.tmdb.org/t/p/w342/j4FPSAPRDkYKIb8XkIa9v5S2aV1.jpg
122692,RuPaul's Drag Race Down Under,2,Season 2,2022-07-30,8,https://image.tmdb.org/t/p/w342/7QkRBMWpoVTHiN3wQPdQ3H9rZzm.jpg
122692,RuPaul's Drag Race Down Under,3,Season 3,2023-07-28,8,https://image.tmdb.org/t/p/w342/nrmPPD0CCVE6sidhszx41utxvw9.jpg
122692,RuPaul's Drag Race Down Under,4,Season 4,2024-11-01,8,https://image.tmdb.org/t/p/w342/uWZPjouQgLs1lMVL0lu8P5J1jBc.jpg
232821,RuPaul's Drag Race Global All Stars,0,Specials,2024-07-15,1,
232821,RuPaul's Drag Race Global All Stars,1,Season 1,2024-08-16,12,https://image.tmdb.org/t/p/w342/jbtW0zyr2fwo6SEOLK9jbq7ihZZ.jpg
232821,RuPaul's Drag Race Global All Stars,2,Season 2,,0,
251306,RuPaul's Drag Race Live Untucked,1,Season 1,2024-04-17,6,https://image.tmdb.org/t/p/w342/tcRVTDVfRJ4eNiiDabrZXcP7SAU.jpg
251306,RuPaul's Drag Race Live Untucked,2,Season 2,2025-04-16,6,https://image.tmdb.org/t/p/w342/2AOPwf6CLe37EdTx1wao9Le1NF7.jpg
92611,RuPaul's Drag Race UK,0,Specials,2019-09-03,9,https://image.tmdb.org/t/p/w342/bpVEXgerXLRmKLX2mF3iqLnulVG.jpg
92611,RuPaul's Drag Race UK,1,Series 1,2019-10-03,8,https://image.tmdb.org/t/p/w342/rGKdb9afwZSPSAZ2jN2SMf9tthQ.jpg
92611,RuPaul's Drag Race UK,2,Series 2,2021-01-14,10,https://image.tmdb.org/t/p/w342/56MjvYy6ioFXmGoLiyhLYZLjAcd.jpg
92611,RuPaul's Drag Race UK,3,Series 3,2021-09-22,10,https://image.tmdb.org/t/p/w342/vfp8MyIE8DYRajF5ClMp5DXKGc1.jpg
92611,RuPaul's Drag Race UK,4,Series 4,2022-09-22,10,https://image.tmdb.org/t/p/w342/lbnXbVXa7IDUyHVv7S7Sc9rdNiA.jpg
92611,RuPaul's Drag Race UK,5,Series 5,2023-09-28,10,https://image.tmdb.org/t/p/w342/eAo2DRFTf9KafUpUmg7noeg2PQI.jpg
92611,RuPaul's Drag Race UK,6,Series 6,2024-09-26,10,https://image.tmdb.org/t/p/w342/l1pPqCXYJi2CJE5S9c5fVBrygCT.jpg
92611,RuPaul's Drag Race UK,7,Series 7,,1,https://image.tmdb.org/t/p/w342/zfG7AAh2lGB5X0bykQQ4eEB6ASC.jpg
155431,RuPaul's Drag Race UK vs The World,0,Specials,2022-01-18,2,
155431,RuPaul's Drag Race UK vs The World,1,Series 1,2022-02-01,6,https://image.tmdb.org/t/p/w342/r1NhZD6npcpgd2BGEZWf8nfhF6I.jpg
155431,RuPaul's Drag Race UK vs The World,2,Series 2,2024-02-08,8,https://image.tmdb.org/t/p/w342/vkeHnXg10j4tDwC7fV2CUUet0Ko.jpg
155431,RuPaul's Drag Race UK vs The World,3,Series 3,,0,
38409,RuPaul's Drag Race: Untucked,1,Season 1,2010-02-01,10,https://image.tmdb.org/t/p/w342/hsPkpIDLOQm6lX15ointkWwqhXJ.jpg
38409,RuPaul's Drag Race: Untucked,2,Season 2,2011-01-24,13,https://image.tmdb.org/t/p/w342/7tZz1nAy8bDvaWCKyhM1h41LaaI.jpg
38409,RuPaul's Drag Race: Untucked,3,Season 3,2012-01-30,11,https://image.tmdb.org/t/p/w342/zkhpp1OvYFlUj6AKseWqBhTjwtl.jpg
38409,RuPaul's Drag Race: Untucked,4,Season 4,2013-01-28,11,https://image.tmdb.org/t/p/w342/rzDwNLbO1TTH3sORbGYj2vkBuWn.jpg
38409,RuPaul's Drag Race: Untucked,5,Season 5,2014-02-24,12,https://image.tmdb.org/t/p/w342/hsC5IKwcAkYJFj1oSncAYchp470.jpg
38409,RuPaul's Drag Race: Untucked,6,Season 6,2015-03-02,12,https://image.tmdb.org/t/p/w342/2qp9dH0rdYkwmm89ymLeozUzp8w.jpg
38409,RuPaul's Drag Race: Untucked,7,Season 7,2016-03-07,9,https://image.tmdb.org/t/p/w342/yocxaM1pJ0a337xdlDHPIL2OYex.jpg
38409,RuPaul's Drag Race: Untucked,8,Season 8,2017-03-24,12,https://image.tmdb.org/t/p/w342/cxkfDfiXQzQ2cPRqbCdzuqWPPaO.jpg
38409,RuPaul's Drag Race: Untucked,9,Season 9,2018-03-22,12,https://image.tmdb.org/t/p/w342/nuCr52awyg3XDqN5hc4OgYXo8ZX.jpg
38409,RuPaul's Drag Race: Untucked,10,Season 10,2019-03-01,12,https://image.tmdb.org/t/p/w342/8cYQ8NoRCeuhWJ41O4fVSN83qcX.jpg
38409,RuPaul's Drag Race: Untucked,11,Season 11,2020-02-28,12,https://image.tmdb.org/t/p/w342/xORRiVnV4IH3yI2E1JYIxoKb3ef.jpg
38409,RuPaul's Drag Race: Untucked,12,Season 12,2021-01-01,14,https://image.tmdb.org/t/p/w342/OHpeP4Ek3XD04mc8WjtMOPmft.jpg
38409,RuPaul's Drag Race: Untucked,13,Season 13,2022-01-07,14,https://image.tmdb.org/t/p/w342/khbEjHijn96kOYkyX6bsZwnZLr9.jpg
38409,RuPaul's Drag Race: Untucked,14,Season 14,2023-01-06,14,https://image.tmdb.org/t/p/w342/9palwm4RadB5FPaXUTbhAiBXZcu.jpg
38409,RuPaul's Drag Race: Untucked,15,Season 15,2024-01-05,14,https://image.tmdb.org/t/p/w342/57D7AEiEGkVNQCxzYnKoxU0Ndhe.jpg
38409,RuPaul's Drag Race: Untucked,16,Season 16,2025-01-03,14,https://image.tmdb.org/t/p/w342/35b9oBymLiEOUL9e3WRrJF6aDUK.jpg
95396,Severance,0,Specials,2021-12-15,1,https://image.tmdb.org/t/p/w342/f3E2o8DbW9QSzu31yY3Q1av5JO7.jpg
95396,Severance,1,Season 1,2022-02-17,9,https://image.tmdb.org/t/p/w342/lFf6LLrQjYldcZItzOkGmMMigP7.jpg
95396,Severance,2,Season 2,2025-01-16,10,https://image.tmdb.org/t/p/w342/Rb7sga832Cyqvafd7CqOzbwdK4.jpg
95396,Severance,3,Season 3,,0,
260471,Shifting Gears,1,Season 1,2025-01-08,10,https://image.tmdb.org/t/p/w342/qQeNdPJ6QDvKCBtGHbTT4DvtuZR.jpg
260471,Shifting Gears,2,Season 2,2025-10-01,3,https://image.tmdb.org/t/p/w342/aUtch1uVgHiOkf1PTUk1EV22ZYx.jpg
251941,St. Denis Medical,1,Season 1,2024-11-12,18,https://image.tmdb.org/t/p/w342/2LVXrQVsEzLlekzNmxZqKa06CV3.jpg
251941,St. Denis Medical,2,Season 2,2025-11-03,2,
66732,Stranger Things,1,Season 1,2016-07-15,8,https://image.tmdb.org/t/p/w342/hb4KmdA4F1XMnf0vVjevPKKBEjV.jpg
66732,Stranger Things,2,Stranger Things 2,2017-10-27,9,https://image.tmdb.org/t/p/w342/74nFJmiapxKuUBXRbSu6VqGGcuo.jpg
66732,Stranger Things,3,Stranger Things 3,2019-07-04,8,https://image.tmdb.org/t/p/w342/sDms9g40ZBhjMIfX9YqqaqId8sK.jpg
66732,Stranger Things,4,Stranger Things 4,2022-05-27,9,https://image.tmdb.org/t/p/w342/5xiUqrCFgT6wU2KzynZMu5CXkM6.jpg
66732,Stranger Things,5,Stranger Things 5,2025-11-26,8,https://image.tmdb.org/t/p/w342/gPQRpAwN1yzGL1CqSVDdLH7DoG4.jpg
28172,The Boys,1,Season 1,1993-08-20,7,
60603,The Curse of Oak Island,0,Specials,2015-11-10,47,
60603,The Curse of Oak Island,1,Season 1,2014-01-05,5,https://image.tmdb.org/t/p/w342/8i5JvPZWkqOvpWG4BIfXdt4hY2k.jpg
60603,The Curse of Oak Island,2,Season 2,2014-11-04,10,https://image.tmdb.org/t/p/w342/loTRt4yNp9JVXc7lwvtIBpyJilW.jpg
60603,The Curse of Oak Island,3,Season 3,2015-11-10,13,https://image.tmdb.org/t/p/w342/gmCBiA8x8S5PY2hMKnpq2xflCn5.jpg
60603,The Curse of Oak Island,4,Season 4,2016-11-15,16,https://image.tmdb.org/t/p/w342/y7x5OmZunb57kynTB4nDPFMDx6E.jpg
60603,The Curse of Oak Island,5,Season 5,2017-11-06,18,https://image.tmdb.org/t/p/w342/5j6BVmHbW3qZRc2YHO2VJJsatGw.jpg
60603,The Curse of Oak Island,6,Season 6,2018-11-12,22,https://image.tmdb.org/t/p/w342/o3HXPVdkDxnWHzYjb9eTaBKznVo.jpg
60603,The Curse of Oak Island,7,Season 7,2019-11-04,23,https://image.tmdb.org/t/p/w342/5N71fLFWRsC186nMr02j0MQwMOE.jpg
60603,The Curse of Oak Island,8,Season 8,2020-11-10,25,https://image.tmdb.org/t/p/w342/AvaGrTElZI6uGZZHrUYYlkB7ltl.jpg
60603,The Curse of Oak Island,9,Season 9,2021-11-02,25,https://image.tmdb.org/t/p/w342/gtkxUUmHDF31iDUOlxQqUXmiU71.jpg
60603,The Curse of Oak Island,10,Season 10,2022-11-15,25,https://image.tmdb.org/t/p/w342/ioxqD0epe046x4WfOJ37KyhKxJ3.jpg
60603,The Curse of Oak Island,11,Season 11,2023-11-07,25,https://image.tmdb.org/t/p/w342/5ErS3M9I9mlNabWnXOyrR0HmRQB.jpg
60603,The Curse of Oak Island,12,Season 12,2024-11-12,25,https://image.tmdb.org/t/p/w342/bqiQdnwL9iBh7A4TM0EW24Ps8I3.jpg
60603,The Curse of Oak Island,13,Season 13,,0,
60603,The Curse of Oak Island,14,Season 14,,0,
222766,The Day of the Jackal,1,Series 1,2024-11-07,10,https://image.tmdb.org/t/p/w342/7JXRPUz9cavaouE92L5ksrwClL2.jpg
253372,The Institute,1,Season 1,2025-07-13,8,https://image.tmdb.org/t/p/w342/7JXZdWifaa6wL0XLRi0GJOlOA8y.jpg
253372,The Institute,2,Season 2,,3,
84773,The Lord of the Rings: The Rings of Power,0,Specials,2022-09-03,36,https://image.tmdb.org/t/p/w342/friNlTnLbsg38DRnUYLfKLdLBJE.jpg
84773,The Lord of the Rings: The Rings of Power,1,Season 1,2022-09-01,8,https://image.tmdb.org/t/p/w342/umRaUV2ku9MMtEunMQt3uCO1OgE.jpg
84773,The Lord of the Rings: The Rings of Power,2,Season 2,2024-08-29,8,https://image.tmdb.org/t/p/w342/m93DIqlwcHWiepTl6WXPiOlw4E9.jpg
84773,The Lord of the Rings: The Rings of Power,3,Season 3,,0,
84910,The Masked Singer,0,Specials,2019-09-14,2,
84910,The Masked Singer,1,Season 1,2019-01-02,10,https://image.tmdb.org/t/p/w342/3hCRiuZRUd4uytBafTejtHQ90zJ.jpg
84910,The Masked Singer,2,Season 2,2019-09-25,13,https://image.tmdb.org/t/p/w342/58XRTZSKu9beFoLd8cCTZRa7NGs.jpg
84910,The Masked Singer,3,Season 3,2020-02-02,22,https://image.tmdb.org/t/p/w342/AmbHki0cYU6tVOLiT51mumr4VT4.jpg
84910,The Masked Singer,4,Season 4,2020-09-23,13,https://image.tmdb.org/t/p/w342/y90vIG3LY7okHfF444hK1IgHnvg.jpg
84910,The Masked Singer,5,Season 5,2021-03-10,12,https://image.tmdb.org/t/p/w342/uyYpPPIV3iNPBkgdtGtSmempBeZ.jpg
84910,The Masked Singer,6,Season 6,2021-09-22,15,https://image.tmdb.org/t/p/w342/wxzZUSr09FgS8Vyz56qSVR2jh0w.jpg
84910,The Masked Singer,7,Season 7,2022-03-09,11,https://image.tmdb.org/t/p/w342/4zhML13LMnDrdWsKlFCX69106tS.jpg
84910,The Masked Singer,8,Season 8,2022-09-21,12,https://image.tmdb.org/t/p/w342/oDRyaEl0OfSfoX1yVQSi75un1Wq.jpg
84910,The Masked Singer,9,Season 9,2023-02-15,14,https://image.tmdb.org/t/p/w342/yMMcPD8z8e1UQr4UlxDeVNopYDM.jpg
84910,The Masked Singer,10,Season 10,2023-09-10,13,https://image.tmdb.org/t/p/w342/g2y2duCEYzCsfG4vbnTKKhUST5w.jpg
84910,The Masked Singer,11,Season 11,2024-03-06,13,https://image.tmdb.org/t/p/w342/9bNDi2DuqEvsP1RuNKPjO9aLVKs.jpg
84910,The Masked Singer,12,Season 12,2024-09-25,12,https://image.tmdb.org/t/p/w342/sT0TpxenCsghbRZ7NiEJg2ubzZx.jpg
84910,The Masked Singer,13,Season 13,2025-02-12,13,https://image.tmdb.org/t/p/w342/sIqGAS5o1WsuCaZ1q5Qnuj4Z4Q5.jpg
84910,The Masked Singer,14,Season 14,,0,
129552,The Night Agent,1,Season 1,2023-03-22,10,https://image.tmdb.org/t/p/w342/dlCEYPkgKl3WHrn8bYkkzJVPlTZ.jpg
129552,The Night Agent,2,Season 2,2025-01-23,10,https://image.tmdb.org/t/p/w342/4c5yUNcaff4W4aPrkXE6zr7papX.jpg
129552,The Night Agent,3,Season 3,,0,
101359,The Secret of Skinwalker Ranch,0,Specials,2024-05-07,19,
101359,The Secret of Skinwalker Ranch,1,Season 1,2020-03-31,8,https://image.tmdb.org/t/p/w342/uprdlpNGDhZDOzWghLt7hSRSVUa.jpg
101359,The Secret of Skinwalker Ranch,2,Season 2,2021-05-04,10,https://image.tmdb.org/t/p/w342/hZAThwU0Z1QQIryfrzXWxyj80Xe.jpg
101359,The Secret of Skinwalker Ranch,3,Season 3,2022-05-03,11,https://image.tmdb.org/t/p/w342/j8PpovebgIhrt89AQVvkogcX34v.jpg
101359,The Secret of Skinwalker Ranch,4,Season 4,2023-04-18,15,https://image.tmdb.org/t/p/w342/8LAqGpzAOyrAgLDPOq5vdoHUYl4.jpg
101359,The Secret of Skinwalker Ranch,5,Season 5,2024-04-23,14,https://image.tmdb.org/t/p/w342/6EuUEYIQHowJja65qex4psgoTbP.jpg
101359,The Secret of Skinwalker Ranch,6,Season 6,2025-06-03,14,https://image.tmdb.org/t/p/w342/eedT1SrOsv9PVrTWXjfkvOKq0jd.jpg
70,This Hour Has 22 Minutes,0,Specials,1997-01-01,14,
70,This Hour Has 22 Minutes,1,Season 1,1993-10-11,20,
70,This Hour Has 22 Minutes,2,Season 2,,21,
70,This Hour Has 22 Minutes,3,Season 3,1995-11-06,2,https://image.tmdb.org/t/p/w342/3EpMdQApD4ild2tguDwrxkPmtb.jpg
70,This Hour Has 22 Minutes,4,Season 4,1996-09-30,17,https://image.tmdb.org/t/p/w342/6QbWWDp1sthR0O0NP9tuC53OXXv.jpg
70,This Hour Has 22 Minutes,5,Season 5,,0,
70,This Hour Has 22 Minutes,6,season 6,,7,https://image.tmdb.org/t/p/w342/7YiFvAEQuj09qHtyu4rudWrUPyJ.jpg
70,This Hour Has 22 Minutes,7,Season 7,1999-10-11,10,https://image.tmdb.org/t/p/w342/roBNpKP88xtiqFghNqpRZ1TOqg6.jpg
70,This Hour Has 22 Minutes,8,Season 8,2000-10-16,13,https://image.tmdb.org/t/p/w342/otxu275QfAbixPpxSJPqGGdEhu0.jpg
70,This Hour Has 22 Minutes,9,Season 9,2002-03-22,4,https://image.tmdb.org/t/p/w342/lRWMesM1cggI4AruCa2MP5id8i4.jpg
70,This Hour Has 22 Minutes,10,Season 10,2002-10-08,21,https://image.tmdb.org/t/p/w342/3gHYl4FpzFqJsqtd0uIx6CezZ0q.jpg
70,This Hour Has 22 Minutes,11,Season 11,2003-10-10,18,https://image.tmdb.org/t/p/w342/6YnZaVODNTHyA3yMxsndQADPQ4B.jpg
70,This Hour Has 22 Minutes,12,Season 12,2004-09-24,11,https://image.tmdb.org/t/p/w342/usHU2GtLcRUXaO9mM8LA0MizO2L.jpg
70,This Hour Has 22 Minutes,13,Season 13,,0,
70,This Hour Has 22 Minutes,14,Season 14,2006-10-03,18,https://image.tmdb.org/t/p/w342/5Hi8MrWvKEh5iPWNZ2udxOok9dz.jpg
70,This Hour Has 22 Minutes,15,Season 15,2007-10-02,1,
70,This Hour Has 22 Minutes,16,Season 16,2008-09-30,19,
70,This Hour Has 22 Minutes,17,Season 17,2009-09-28,14,
70,This Hour Has 22 Minutes,18,Season 18,2010-09-21,10,
70,This Hour Has 22 Minutes,19,Season 19,2011-09-13,21,
70,This Hour Has 22 Minutes,20,Season 20,2012-09-18,22,
70,This Hour Has 22 Minutes,21,Season 21,2013-10-08,20,
70,This Hour Has 22 Minutes,22,Season 22,,0,
70,This Hour Has 22 Minutes,23,Season 23,2015-10-06,23,
70,This Hour Has 22 Minutes,24,Season 24,,22,
70,This Hour Has 22 Minutes,25,Season 25,2017-09-26,22,
70,This Hour Has 22 Minutes,26,Season 26,,20,
70,This Hour Has 22 Minutes,27,Season 27,,19,
70,This Hour Has 22 Minutes,28,Season 28,2020-10-06,19,
70,This Hour Has 22 Minutes,29,Season 29,2021-09-14,24,
70,This Hour Has 22 Minutes,30,Season 30,2022-09-13,24,https://image.tmdb.org/t/p/w342/shWjVJtL7NBLcGiylwWwXLm9nlR.jpg
70,This Hour Has 22 Minutes,31,Season 31,2023-09-19,24,https://image.tmdb.org/t/p/w342/shWjVJtL7NBLcGiylwWwXLm9nlR.jpg
70,This Hour Has 22 Minutes,32,Season 32,2024-09-17,27,https://image.tmdb.org/t/p/w342/shWjVJtL7NBLcGiylwWwXLm9nlR.jpg
211288,Tracker,1,Season 1,2024-02-11,13,https://image.tmdb.org/t/p/w342/ivhqGQa4ndqDatKiASIfSMJIJuh.jpg
211288,Tracker,2,Season 2,2024-10-13,20,https://image.tmdb.org/t/p/w342/jbvxqU4lwt6ZjvFROoKaLRyJbxC.jpg
211288,Tracker,3,Season 3,2025-10-19,2,
117488,Yellowjackets,0,Specials,2022-07-19,3,https://image.tmdb.org/t/p/w342/boCY37Jx5w5EqyqKzCcLn6C90lN.jpg
117488,Yellowjackets,1,Season 1,2021-11-14,10,https://image.tmdb.org/t/p/w342/XtnjzjjFAnmTEiDk4xu7diCvMF.jpg
117488,Yellowjackets,2,Season 2,2023-03-26,9,https://image.tmdb.org/t/p/w342/o4Ql7oU2W3U8RyeDoSREDdKvTlq.jpg
117488,Yellowjackets,3,Season 3,2025-02-16,10,https://image.tmdb.org/t/p/w342/xRnGrn7Z7SC0KIBodocoU1QgDZF.jpg
117488,Yellowjackets,4,Season 4,,0,
